Workbook

Sheet Schneider Automation Price List
A1: Schneider Electric Industrial Automation Products Price List - effective 01 April 2026
A2: Prices in INR (Rs.) as printed in the Schneider Electric list (L.P./M.R.P.). Enter Discount as % (e.g. 35%); Net Price = Price x (1 - Discount).
A4: Sr. No. | B4: Manufacturer | C4: Category | D4: Description | E4: Key word | F4: Rating 1 | G4: Rating 2 | H4: Rating 3 | I4: Rating 4 | J4: Rating 5 | K4: Accessories | L4: Stocked or Not stocked | M4: Part code | N4: Discount | O4: Price | P4: Net Price | Q4: Product Range / Series | R4: Other Ratings / Specs | S4: Suitable for (Accessories) | T4: Std Pack | U4: Remarks | V4: Price List Page
A5: 1 | B5: Schneider Electric | C5: Power Supplies (Phaseo) | D5: ABL2_K Power Supply, DC24V output, 35W | E5: Phaseo Easy ABL2 35W | F5: Input: 100-240V AC 1-Ph | G5: Output: 24V | H5: Current: 1.5A | I5: Power: 35W | J5: Mounting: Panel Mount | K5: Power Supply | L5: Stocked | M5: ABL2REM24015K | O5: 3061 | P5: =IF(ISNUMBER(O5),O5*(1-N5),O5) | Q5: Phaseo ABL2 | R5: Output stability +/-1%; MTBF >600k hours; Diagnostic LED; Input 100-240V AC | S5: - | T5: 1 | U5: Compact panel mount | V5: 5
A6: 2 | B6: Schneider Electric | C6: Power Supplies (Phaseo) | D6: ABL2_K Power Supply, DC24V output, 50W | E6: Phaseo Easy ABL2 50W | F6: Input: 100-240V AC 1-Ph | G6: Output: 24V | H6: Current: 2A | I6: Power: 50W | J6: Mounting: Panel Mount | K6: Power Supply | L6: Stocked | M6: ABL2REM24020K | O6: 3393 | P6: =IF(ISNUMBER(O6),O6*(1-N6),O6) | Q6: Phaseo ABL2 | R6: Output stability +/-1%; MTBF >600k hours; Diagnostic LED; Input 100-240V AC | S6: - | T6: 1 | U6: Compact panel mount | V6: 5
A7: 3 | B7: Schneider Electric | C7: Power Supplies (Phaseo) | D7: ABL2_K Power Supply, DC24V output, 100W | E7: Phaseo Easy ABL2 100W | F7: Input: 100-240V AC 1-Ph | G7: Output: 24V | H7: Current: 4.5A | I7: Power: 100W | J7: Mounting: Panel Mount | K7: Power Supply | L7: Stocked | M7: ABL2REM24045K | O7: 5024 | P7: =IF(ISNUMBER(O7),O7*(1-N7),O7) | Q7: Phaseo ABL2 | R7: Output stability +/-1%; MTBF >600k hours; Diagnostic LED; Input 100-240V AC | S7: - | T7: 1 | U7: Compact panel mount | V7: 5
A8: 4 | B8: Schneider Electric | C8: Power Supplies (Phaseo) | D8: ABL2_K Power Supply, DC24V output, 150W | E8: Phaseo Easy ABL2 150W | F8: Input: 100-240V AC 1-Ph | G8: Output: 24V | H8: Current: 6.5A | I8: Power: 150W | J8: Mounting: Panel Mount | K8: Power Supply | L8: Stocked | M8: ABL2REM24065K | O8: 6061 | P8: =IF(ISNUMBER(O8),O8*(1-N8),O8) | Q8: Phaseo ABL2 | R8: Output stability +/-1%; MTBF >600k hours; Diagnostic LED; Input 100-240V AC | S8: - | T8: 1 | U8: Compact panel mount | V8: 5
A9: 5 | B9: Schneider Electric | C9: Power Supplies (Phaseo) | D9: ABL2_K Power Supply, DC24V output, 200W | E9: Phaseo Easy ABL2 200W | F9: Input: 100-240V AC 1-Ph | G9: Output: 24V | H9: Current: 8.5A | I9: Power: 200W | J9: Mounting: Panel Mount | K9: Power Supply | L9: Stocked | M9: ABL2REM24085K | O9: 8038 | P9: =IF(ISNUMBER(O9),O9*(1-N9),O9) | Q9: Phaseo ABL2 | R9: Output stability +/-1%; MTBF >600k hours; Diagnostic LED; Input 100-240V AC | S9: - | T9: 1 | U9: Compact panel mount | V9: 5
A10: 6 | B10: Schneider Electric | C10: Power Supplies (Phaseo) | D10: ABL2_K Power Supply, DC24V output, 250W | E10: Phaseo Easy ABL2 250W | F10: Input: 100-240V AC 1-Ph | G10: Output: 24V | H10: Current: 10A | I10: Power: 250W | J10: Mounting: Panel Mount | K10: Power Supply | L10: Stocked | M10: ABL2REM24100K | O10: 9194 | P10: =IF(ISNUMBER(O10),O10*(1-N10),O10) | Q10: Phaseo ABL2 | R10: Output stability +/-1%; MTBF >600k hours; Diagnostic LED; Input 100-240V AC | S10: - | T10: 1 | U10: Compact panel mount | V10: 5
A11: 7 | B11: Schneider Electric | C11: Power Supplies (Phaseo) | D11: ABL2_K Power Supply, DC24V output, 350W | E11: Phaseo Easy ABL2 350W | F11: Input: 100-240V AC 1-Ph | G11: Output: 24V | H11: Current: 15A | I11: Power: 350W | J11: Mounting: Panel Mount | K11: Power Supply | L11: Stocked | M11: ABL2REM24150K | O11: 14992 | P11: =IF(ISNUMBER(O11),O11*(1-N11),O11) | Q11: Phaseo ABL2 | R11: Output stability +/-1%; MTBF >600k hours; Diagnostic LED; Input 100-240V AC | S11: - | T11: 1 | U11: Compact panel mount | V11: 5
A12: 8 | B12: Schneider Electric | C12: Power Supplies (Phaseo) | D12: Univ. Power Supply 1P 24V 3A, 72W | E12: Phaseo ABL8 72W | F12: Input: 100-120V / 200-500V AC | G12: Output: 24V | H12: Current: 3A | I12: Power: 72W | J12: Mounting: DIN Rail | K12: Power Supply | L12: Stocked | M12: ABL8RPS24030 | O12: 21487 | P12: =IF(ISNUMBER(O12),O12*(1-N12),O12) | Q12: Phaseo ABL8 | R12: 1 or 2 phase input; Auto/manual reset; 2 diagnosis LEDs; Diagnosis relay output | S12: - | T12: 1 | U12: High reliability industrial | V12: 5
A13: 9 | B13: Schneider Electric | C13: Power Supplies (Phaseo) | D13: Univ. Power Supply 1P 24V 5A, 120W | E13: Phaseo ABL8 120W | F13: Input: 100-120V / 200-500V AC | G13: Output: 24V | H13: Current: 5A | I13: Power: 120W | J13: Mounting: DIN Rail | K13: Power Supply | L13: Stocked | M13: ABL8RPS24050 | O13: 27778 | P13: =IF(ISNUMBER(O13),O13*(1-N13),O13) | Q13: Phaseo ABL8 | R13: 1 or 2 phase input; Auto/manual reset; 2 diagnosis LEDs; Diagnosis relay output | S13: - | T13: 1 | U13: High reliability industrial | V13: 5
A14: 10 | B14: Schneider Electric | C14: Power Supplies (Phaseo) | D14: Univ. Power Supply 1P 24V 10A, 240W | E14: Phaseo ABL8 240W | F14: Input: 100-120V / 200-500V AC | G14: Output: 24V | H14: Current: 10A | I14: Power: 240W | J14: Mounting: DIN Rail | K14: Power Supply | L14: Stocked | M14: ABL8RPS24100 | O14: 31734 | P14: =IF(ISNUMBER(O14),O14*(1-N14),O14) | Q14: Phaseo ABL8 | R14: 1 or 2 phase input; Auto/manual reset; 2 diagnosis LEDs; Diagnosis relay output | S14: - | T14: 1 | U14: High reliability industrial | V14: 5
A15: 11 | B15: Schneider Electric | C15: Power Supplies (Phaseo) | D15: Univ. Power Supply 1P 24V 20A, 480W | E15: Phaseo ABL8 480W | F15: Input: 100-120V / 200-500V AC | G15: Output: 24V | H15: Current: 20A | I15: Power: 480W | J15: Mounting: DIN Rail | K15: Power Supply | L15: Stocked | M15: ABL8RPM24200 | O15: 47764 | P15: =IF(ISNUMBER(O15),O15*(1-N15),O15) | Q15: Phaseo ABL8 | R15: 1 or 2 phase input; Auto/manual reset; 2 diagnosis LEDs; Diagnosis relay output | S15: - | T15: 1 | U15: High reliability industrial | V15: 5
A16: 12 | B16: Schneider Electric | C16: Power Supplies (Phaseo) | D16: POWER SUPPLY 12V 6.2A 1PH OPTIMIZED | E16: Phaseo ABLS 75W | F16: Input: 100-240V AC 1-Ph | G16: Output: 12V | H16: Current: 6.2A | I16: Power: 75W | J16: Operating Temp: Up to 70 deg C | K16: Power Supply | L16: Stocked | M16: ABLS1A12062 | O16: 10652 | P16: =IF(ISNUMBER(O16),O16*(1-N16),O16) | Q16: Phaseo ABLS | R16: Conformal coating; 6 output terminals; High output stability; Operating up to +70 deg C | S16: - | T16: 1 | U16: Optimised compact design | V16: 6
... A75: 71 | B75: Schneider Electric | C75: Smart Relays (Harmony Zelio) | D75: USB PC connecting cable - 3 m | E75: Zelio Acc SR2USB01 | F75: Type: Cable | G75: Spec: Length: 3m | H75: Series: SR3 / SR2 | I75: - | J75: - | K75: Accessory / Extension | L75: Stocked | M75: SR2USB01 | O75: 20194 | P75: =IF(ISNUMBER(O75),O75*(1-N75),O75) | Q75: Harmony Zelio | R75: USB PC connecting cable - 3 m | S75: Zelio Logic Modular Relays (SR3B) | T75: 1 | U75: Plugs onto side of SR3B module | V75: 8
A76: 72 | B76: Schneider Electric | C76: Variable Speed Drives (Altivar) | D76: Altivar 12 Drive 0.18kW 0.25HP 1-Phase 200-240V | E76: Altivar ATV12H018M2 | F76: Supply: 1-Ph 200-240V | G76: Power: 0.18kW / 0.25HP | H76: Current: 1.4A | I76: Control: V/f & Sensorless Vector | J76: Modbus Embedded | K76: AC Variable Speed Drive | L76: Stocked | M76: ATV12H018M2 | O76: On Request | P76: =IF(ISNUMBER(O76),O76*(1-N76),O76) | Q76: Altivar ATV12 / ATV310 | R76: Integrated Modbus; 55 deg C without derating; Optimized panel space; Built-in brake chopper | S76: - | T76: 1 | U76: Quote upon application rating | V76: 11
A77: 73 | B77: Schneider Electric | C77: Variable Speed Drives (Altivar) | D77: Altivar 12 Drive 0.37kW 0.55HP 1-Phase 200-240V | E77: Altivar ATV12H037M2 | F77: Supply: 1-Ph 200-240V | G77: Power: 0.37kW / 0.55HP | H77: Current: 2.4A | I77: Control: V/f & Sensorless Vector | J77: Modbus Embedded | K77: AC Variable Speed Drive | L77: Stocked | M77: ATV12H037M2 | O77: On Request | P77: =IF(ISNUMBER(O77),O77*(1-N77),O77) | Q77: Altivar ATV12 / ATV310 | R77: Integrated Modbus; 55 deg C without derating; Optimized panel space; Built-in brake chopper | S77: - | T77: 1 | U77: Quote upon application rating | V77: 11
A78: 74 | B78: Schneider Electric | C78: Variable Speed Drives (Altivar) | D78: Altivar 12 Drive 0.55kW 0.75HP 1-Phase 200-240V | E78: Altivar ATV12H055M2 | F78: Supply: 1-Ph 200-240V | G78: Power: 0.55kW / 0.75HP | H78: Current: 3.5A | I78: Control: V/f & Sensorless Vector | J78: Modbus Embedded | K78: AC Variable Speed Drive | L78: Stocked | M78: ATV12H055M2 | O78: On Request | P78: =IF(ISNUMBER(O78),O78*(1-N78),O78) | Q78: Altivar ATV12 / ATV310 | R78: Integrated Modbus; 55 deg C without derating; Optimized panel space; Built-in brake chopper | S78: - | T78: 1 | U78: Quote upon application rating | V78: 11
A79: 75 | B79: Schneider Electric | C79: Variable Speed Drives (Altivar) | D79: Altivar 12 Drive 0.75kW 1HP 1-Phase 200-240V | E79: Altivar ATV12H075M2 | F79: Supply: 1-Ph 200-240V | G79: Power: 0.75kW / 1.0HP | H79: Current: 4.2A | I79: Control: V/f & Sensorless Vector | J79: Modbus Embedded | K79: AC Variable Speed Drive | L79: Stocked | M79: ATV12H075M2 | O79: On Request | P79: =IF(ISNUMBER(O79),O79*(1-N79),O79) | Q79: Altivar ATV12 / ATV310 | R79: Integrated Modbus; 55 deg C without derating; Optimized panel space; Built-in brake chopper | S79: - | T79: 1 | U79: Quote upon application rating | V79: 11
A80: 76 | B80: Schneider Electric | C80: Variable Speed Drives (Altivar) | D80: Altivar 12 Drive 1.5kW 2HP 1-Phase 200-240V | E80: Altivar ATV12HU15M2 | F80: Supply: 1-Ph 200-240V | G80: Power: 1.5kW / 2.0HP | H80: Current: 7.5A | I80: Control: V/f & Sensorless Vector | J80: Modbus Embedded | K80: AC Variable Speed Drive | L80: Stocked | M80: ATV12HU15M2 | O80: On Request | P80: =IF(ISNUMBER(O80),O80*(1-N80),O80) | Q80: Altivar ATV12 / ATV310 | R80: Integrated Modbus; 55 deg C without derating; Optimized panel space; Built-in brake chopper | S80: - | T80: 1 | U80: Quote upon application rating | V80: 11
A81: 77 | B81: Schneider Electric | C81: Variable Speed Drives (Altivar) | D81: Altivar 12 Drive 2.2kW 3HP 1-Phase 200-240V | E81: Altivar ATV12HU22M2 | F81: Supply: 1-Ph 200-240V | G81: Power: 2.2kW / 3.0HP | H81: Current: 10A | I81: Control: V/f & Sensorless Vector | J81: Modbus Embedded | K81: AC Variable Speed Drive | L81: Stocked | M81: ATV12HU22M2 | O81: On Request | P81: =IF(ISNUMBER(O81),O81*(1-N81),O81) | Q81: Altivar ATV12 / ATV310 | R81: Integrated Modbus; 55 deg C without derating; Optimized panel space; Built-in brake chopper | S81: - | T81: 1 | U81: Quote upon application rating | V81: 11
A82: 78 | B82: Schneider Electric | C82: Variable Speed Drives (Altivar) | D82: Altivar 12 Drive 0.37kW 0.55HP 3-Phase 200-240V | E82: Altivar ATV12H037M3 | F82: Supply: 3-Ph 200-240V | G82: Power: 0.37kW / 0.55HP | H82: Current: 2.4A | I82: Control: V/f & Sensorless Vector | J82: Modbus Embedded | K82: AC Variable Speed Drive | L82: Stocked | M82: ATV12H037M3 | O82: On Request | P82: =IF(ISNUMBER(O82),O82*(1-N82),O82) | Q82: Altivar ATV12 / ATV310 | R82: Integrated Modbus; 55 deg C without derating; Optimized panel space; Built-in brake chopper | S82: - | T82: 1 | U82: Quote upon application rating | V82: 11
A83: 79 | B83: Schneider Electric | C83: Variable Speed Drives (Altivar) | D83: Altivar 12 Drive 0.75kW 1HP 3-Phase 200-240V | E83: Altivar ATV12H075M3 | F83: Supply: 3-Ph 200-240V | G83: Power: 0.75kW / 1.0HP | H83: Current: 4.2A | I83: Control: V/f & Sensorless Vector | J83: Modbus Embedded | K83: AC Variable Speed Drive | L83: Stocked | M83: ATV12H075M3 | O83: On Request | P83: =IF(ISNUMBER(O83),O83*(1-N83),O83) | Q83: Altivar ATV12 / ATV310 | R83: Integrated Modbus; 55 deg C without derating; Optimized panel space; Built-in brake chopper | S83: - | T83: 1 | U83: Quote upon application rating | V83: 11
A84: 80 | B84: Schneider Electric | C84: Variable Speed Drives (Altivar) | D84: Altivar 12 Drive 1.5kW 2HP 3-Phase 200-240V | E84: Altivar ATV12HU15M3 | F84: Supply: 3-Ph 200-240V | G84: Power: 1.5kW / 2.0HP | H84: Current: 7.5A | I84: Control: V/f & Sensorless Vector | J84: Modbus Embedded | K84: AC Variable Speed Drive | L84: Stocked | M84: ATV12HU15M3 | O84: On Request | P84: =IF(ISNUMBER(O84),O84*(1-N84),O84) | Q84: Altivar ATV12 / ATV310 | R84: Integrated Modbus; 55 deg C without derating; Optimized panel space; Built-in brake chopper | S84: - | T84: 1 | U84: Quote upon application rating | V84: 11
A85: 81 | B85: Schneider Electric | C85: Variable Speed Drives (Altivar) | D85: Altivar 12 Drive 2.2kW 3HP 3-Phase 200-240V | E85: Altivar ATV12HU22M3 | F85: Supply: 3-Ph 200-240V | G85: Power: 2.2kW / 3.0HP | H85: Current: 10A | I85: Control: V/f & Sensorless Vector | J85: Modbus Embedded | K85: AC Variable Speed Drive | L85: Stocked | M85: ATV12HU22M3 | O85: On Request | P85: =IF(ISNUMBER(O85),O85*(1-N85),O85) | Q85: Altivar ATV12 / ATV310 | R85: Integrated Modbus; 55 deg C without derating; Optimized panel space; Built-in brake chopper | S85: - | T85: 1 | U85: Quote upon application rating | V85: 11
A86: 82 | B86: Schneider Electric | C86: Variable Speed Drives (Altivar) | D86: Altivar 12 Drive 3kW 3-Phase 200-240V | E86: Altivar ATV12HU30M3 | F86: Supply: 3-Ph 200-240V | G86: Power: 3.0kW | H86: Current: 12.2A | I86: Control: V/f & Sensorless Vector | J86: Modbus Embedded | K86: AC Variable Speed Drive | L86: Stocked | M86: ATV12HU30M3 | O86: On Request | P86: =IF(ISNUMBER(O86),O86*(1-N86),O86) | Q86: Altivar ATV12 / ATV310 | R86: Integrated Modbus; 55 deg C without derating; Optimized panel space; Built-in brake chopper | S86: - | T86: 1 | U86: Quote upon application rating | V86: 11
A87: 83 | B87: Schneider Electric | C87: Variable Speed Drives (Altivar) | D87: Altivar 12 Drive 4kW 5HP 3-Phase 200-240V | E87: Altivar ATV12HU40M3 | F87: Supply: 3-Ph 200-240V | G87: Power: 4.0kW / 5.0HP | H87: Current: 16.7A | I87: Control: V/f & Sensorless Vector | J87: Modbus Embedded | K87: AC Variable Speed Drive | L87: Stocked | M87: ATV12HU40M3 | O87: On Request | P87: =IF(ISNUMBER(O87),O87*(1-N87),O87) | Q87: Altivar ATV12 / ATV310 | R87: Integrated Modbus; 55 deg C without derating; Optimized panel space; Built-in brake chopper | S87: - | T87: 1 | U87: Quote upon application rating | V87: 11
... A204: 200 | B204: Schneider Electric | C204: Soft Starters (Altistart/Altivar) | D204: ATS490 Soft Starter 1200A 630-900kW | E204: ATS490 ATS490M12Y | F204: Supply: 208-690V 3-Ph | G204: Current: 1200A | H204: Power: 630-900kW | I204: Integrated Bypass | J204: Torque Control System | K204: Soft Starter | L204: Stocked | M204: ATS490M12Y | O204: On Request | P204: =IF(ISNUMBER(O204),O204*(1-N204),O204) | Q204: Altivar ATS490 | R204: Torque control original; Integrated bypass; Cybersecure IEC 62443; Modbus TCP / Ethernet IP | S204: - | T204: 1 | U204: Next-gen industrial soft starter | V204: 25
A205: 201 | B205: Schneider Electric | C205: Plug-in Relays (Harmony) | D205: 1CO 6 Pin Relay Standard cover lockable test button w/o LED 24V DC | E205: RXG RXG11BD | F205: Contacts: 1 CO - 10 A | G205: Control Voltage: 24V DC | H205: Pins: 6-pin / 8-pin | I205: Mounting: Socket Mount | J205: - | K205: Interface Relay | L205: Stocked | M205: RXG11BD | O205: 690 | P205: =IF(ISNUMBER(O205),O205*(1-N205),O205) | Q205: Harmony RXG | R205: Fast-on pin terminal; Optional lockable test button; 16mm socket width | S205: RGZE sockets | T205: 10 | U205: Pluggable interface relay | V205: 27
A206: 202 | B206: Schneider Electric | C206: Plug-in Relays (Harmony) | D206: 1CO 6 Pin Relay Standard cover lockable test button w/o LED 120V AC | E206: RXG RXG11F7 | F206: Contacts: 1 CO - 10 A | G206: Control Voltage: 120V AC | H206: Pins: 6-pin / 8-pin | I206: Mounting: Socket Mount | J206: - | K206: Interface Relay | L206: Stocked | M206: RXG11F7 | O206: 911 | P206: =IF(ISNUMBER(O206),O206*(1-N206),O206) | Q206: Harmony RXG | R206: Fast-on pin terminal; Optional lockable test button; 16mm socket width | S206: RGZE sockets | T206: 10 | U206: Pluggable interface relay | V206: 27
A207: 203 | B207: Schneider Electric | C207: Plug-in Relays (Harmony) | D207: 1CO 6 Pin Relay Standard cover lockable test button w/o LED 230V AC | E207: RXG RXG11P7 | F207: Contacts: 1 CO - 10 A | G207: Control Voltage: 230V AC | H207: Pins: 6-pin / 8-pin | I207: Mounting: Socket Mount | J207: - | K207: Interface Relay | L207: Stocked | M207: RXG11P7 | O207: 859 | P207: =IF(ISNUMBER(O207),O207*(1-N207),O207) | Q207: Harmony RXG | R207: Fast-on pin terminal; Optional lockable test button; 16mm socket width | S207: RGZE sockets | T207: 10 | U207: Pluggable interface relay | V207: 27
A208: 204 | B208: Schneider Electric | C208: Plug-in Relays (Harmony) | D208: 1CO 6 Pin Relay Standard cover lockable test button with LED 24V DC | E208: RXG RXG12BD | F208: Contacts: 1 CO - 10 A | G208: Control Voltage: 24V DC | H208: Pins: 6-pin / 8-pin | I208: Mounting: Socket Mount | J208: - | K208: Interface Relay | L208: Stocked | M208: RXG12BD | O208: 779 | P208: =IF(ISNUMBER(O208),O208*(1-N208),O208) | Q208: Harmony RXG | R208: Fast-on pin terminal; Optional lockable test button; 16mm socket width | S208: RGZE sockets | T208: 10 | U208: Pluggable interface relay | V208: 27
A209: 205 | B209: Schneider Electric | C209: Plug-in Relays (Harmony) | D209: 1CO 6 Pin Relay Standard cover lockable test button with LED 120V AC | E209: RXG RXG12F7 | F209: Contacts: 1 CO - 10 A | G209: Control Voltage: 120V AC | H209: Pins: 6-pin / 8-pin | I209: Mounting: Socket Mount | J209: - | K209: Interface Relay | L209: Stocked | M209: RXG12F7 | O209: 934 | P209: =IF(ISNUMBER(O209),O209*(1-N209),O209) | Q209: Harmony RXG | R209: Fast-on pin terminal; Optional lockable test button; 16mm socket width | S209: RGZE sockets | T209: 10 | U209: Pluggable interface relay | V209: 27
A210: 206 | B210: Schneider Electric | C210: Plug-in Relays (Harmony) | D210: 1CO 6 Pin Relay Standard cover lockable test button with LED 230V AC | E210: RXG RXG12P7 | F210: Contacts: 1 CO - 10 A | G210: Control Voltage: 230V AC | H210: Pins: 6-pin / 8-pin | I210: Mounting: Socket Mount | J210: - | K210: Interface Relay | L210: Stocked | M210: RXG12P7 | O210: 934 | P210: =IF(ISNUMBER(O210),O210*(1-N210),O210) | Q210: Harmony RXG | R210: Fast-on pin terminal; Optional lockable test button; 16mm socket width | S210: RGZE sockets | T210: 10 | U210: Pluggable interface relay | V210: 27
A211: 207 | B211: Schneider Electric | C211: Plug-in Relays (Harmony) | D211: 2CO 8 Pin Relay Standard cover lockable test button w/o LED 24V DC | E211: RXG RXG21BD | F211: Contacts: 2 CO - 5 A | G211: Control Voltage: 24V DC | H211: Pins: 6-pin / 8-pin | I211: Mounting: Socket Mount | J211: - | K211: Interface Relay | L211: Stocked | M211: RXG21BD | O211: 778 | P211: =IF(ISNUMBER(O211),O211*(1-N211),O211) | Q211: Harmony RXG | R211: Fast-on pin terminal; Optional lockable test button; 16mm socket width | S211: RGZE sockets | T211: 10 | U211: Pluggable interface relay | V211: 27
A212: 208 | B212: Schneider Electric | C212: Plug-in Relays (Harmony) | D212: 2CO 8 Pin Relay Standard cover lockable test button w/o LED 120V AC | E212: RXG RXG21F7 | F212: Contacts: 2 CO - 5 A | G212: Control Voltage: 120V AC | H212: Pins: 6-pin / 8-pin | I212: Mounting: Socket Mount | J212: - | K212: Interface Relay | L212: Stocked | M212: RXG21F7 | O212: 944 | P212: =IF(ISNUMBER(O212),O212*(1-N212),O212) | Q212: Harmony RXG | R212: Fast-on pin terminal; Optional lockable test button; 16mm socket width | S212: RGZE sockets | T212: 10 | U212: Pluggable interface relay | V212: 27
A213: 209 | B213: Schneider Electric | C213: Plug-in Relays (Harmony) | D213: 2CO 8 Pin Relay Standard cover lockable test button w/o LED 230V AC | E213: RXG RXG21P7 | F213: Contacts: 2 CO - 5 A | G213: Control Voltage: 230V AC | H213: Pins: 6-pin / 8-pin | I213: Mounting: Socket Mount | J213: - | K213: Interface Relay | L213: Stocked | M213: RXG21P7 | O213: 926 | P213: =IF(ISNUMBER(O213),O213*(1-N213),O213) | Q213: Harmony RXG | R213: Fast-on pin terminal; Optional lockable test button; 16mm socket width | S213: RGZE sockets | T213: 10 | U213: Pluggable interface relay | V213: 27
A214: 210 | B214: Schneider Electric | C214: Plug-in Relays (Harmony) | D214: 2CO 8 Pin Relay Standard cover lockable test button with LED 24V DC | E214: RXG RXG22BD | F214: Contacts: 2 CO - 5 A | G214: Control Voltage: 24V DC | H214: Pins: 6-pin / 8-pin | I214: Mounting: Socket Mount | J214: - | K214: Interface Relay | L214: Stocked | M214: RXG22BD | O214: 865 | P214: =IF(ISNUMBER(O214),O214*(1-N214),O214) | Q214: Harmony RXG | R214: Fast-on pin terminal; Optional lockable test button; 16mm socket width | S214: RGZE sockets | T214: 10 | U214: Pluggable interface relay | V214: 27
A215: 211 | B215: Schneider Electric | C215: Plug-in Relays (Harmony) | D215: 2CO 8 Pin Relay Standard cover lockable test button with LED 120V AC | E215: RXG RXG22F7 | F215: Contacts: 2 CO - 5 A | G215: Control Voltage: 120V AC | H215: Pins: 6-pin / 8-pin | I215: Mounting: Socket Mount | J215: - | K215: Interface Relay | L215: Stocked | M215: RXG22F7 | O215: 1040 | P215: =IF(ISNUMBER(O215),O215*(1-N215),O215) | Q215: Harmony RXG | R215: Fast-on pin terminal; Optional lockable test button; 16mm socket width | S215: RGZE sockets | T215: 10 | U215: Pluggable interface relay | V215: 27
A216: 212 | B216: Schneider Electric | C216: Plug-in Relays (Harmony) | D216: 2CO 8 Pin Relay Standard cover lockable test button with LED 230V AC | E216: RXG RXG22P7 | F216: Contacts: 2 CO - 5 A | G216: Control Voltage: 230V AC | H216: Pins: 6-pin / 8-pin | I216: Mounting: Socket Mount | J216: - | K216: Interface Relay | L216: Stocked | M216: RXG22P7 | O216: 1040 | P216: =IF(ISNUMBER(O216),O216*(1-N216),O216) | Q216: Harmony RXG | R216: Fast-on pin terminal; Optional lockable test button; 16mm socket width | S216: RGZE sockets | T216: 10 | U216: Pluggable interface relay | V216: 27
... A357: 353 | B357: Schneider Electric | C357: Pushbuttons & Signaling (Harmony) | D357: Die-cast metal enclosure XAPK Yellow lid 1 cut-out 80x80x51.5mm | E357: Enclosure XAPK1201 | F357: Cut-outs: 1 Cut-out | G357: Dimensions/Color: 80x80x51.5mm | H357: Material: Polycarbonate / Die-cast Zinc | I357: Protection: IP65 | J357: Cable Entry: ISO M20 | K357: Enclosure | L357: Stocked | M357: XAPK1201 | O357: 5163 | P357: =IF(ISNUMBER(O357),O357*(1-N357),O357) | Q357: Harmony XAL / XAP | R357: Ready for mounting Ø 22mm pilot devices; Weather and impact resistant | S357: XB4 / XB5 / XB2 | T357: 1 | U357: Control station enclosure | V357: 43
A358: 354 | B358: Schneider Electric | C358: Pushbuttons & Signaling (Harmony) | D358: XVB7 Light module steady light green 24V AC/DC IP66 | E358: XVB7 XVB7C23 | F358: Supply: 24V AC/DC | G358: Pattern/Signal: Green | H358: Type: Steady | I358: Diameter: 60mm / 70mm | J358: Mounting: Tube / Base Mount | K358: Signaling Device | L358: Stocked | M358: XVB7C23 | O358: On Request | P358: =IF(ISNUMBER(O358),O358*(1-N358),O358) | Q358: Harmony XVB7 | R358: High luminosity LED; IP65/IP66 protection; Pre-cabled and pre-assembled | S358: - | T358: 1 | U358: Signaling tower / beacon | V358: 46
A359: 355 | B359: Schneider Electric | C359: Pushbuttons & Signaling (Harmony) | D359: XVB7 Light module steady light red 24V AC/DC IP66 | E359: XVB7 XVB7C24 | F359: Supply: 24V AC/DC | G359: Pattern/Signal: Red | H359: Type: Steady | I359: Diameter: 60mm / 70mm | J359: Mounting: Tube / Base Mount | K359: Signaling Device | L359: Stocked | M359: XVB7C24 | O359: On Request | P359: =IF(ISNUMBER(O359),O359*(1-N359),O359) | Q359: Harmony XVB7 | R359: High luminosity LED; IP65/IP66 protection; Pre-cabled and pre-assembled | S359: - | T359: 1 | U359: Signaling tower / beacon | V359: 46
A360: 356 | B360: Schneider Electric | C360: Pushbuttons & Signaling (Harmony) | D360: XVB7 Light module steady light orange 24V AC/DC IP66 | E360: XVB7 XVB7C25 | F360: Supply: 24V AC/DC | G360: Pattern/Signal: Orange | H360: Type: Steady | I360: Diameter: 60mm / 70mm | J360: Mounting: Tube / Base Mount | K360: Signaling Device | L360: Stocked | M360: XVB7C25 | O360: On Request | P360: =IF(ISNUMBER(O360),O360*(1-N360),O360) | Q360: Harmony XVB7 | R360: High luminosity LED; IP65/IP66 protection; Pre-cabled and pre-assembled | S360: - | T360: 1 | U360: Signaling tower / beacon | V360: 46
A361: 357 | B361: Schneider Electric | C361: Pushbuttons & Signaling (Harmony) | D361: XVB7 Standard base module with tube and cover 24V AC/DC Push-in | E361: XVB7 XVB7C21B | F361: Supply: 24V AC/DC | G361: Pattern/Signal: Dark Grey | H361: Type: Base Module | I361: Diameter: 60mm / 70mm | J361: Mounting: Tube / Base Mount | K361: Signaling Device | L361: Stocked | M361: XVB7C21B | O361: On Request | P361: =IF(ISNUMBER(O361),O361*(1-N361),O361) | Q361: Harmony XVB7 | R361: High luminosity LED; IP65/IP66 protection; Pre-cabled and pre-assembled | S361: - | T361: 1 | U361: Signaling tower / beacon | V361: 46
A362: 358 | B362: Schneider Electric | C362: Pushbuttons & Signaling (Harmony) | D362: XVB7 Audible Sounder module 360 deg omni sound up to 102 dB 24V AC/DC | E362: XVB7 XVB7C9S | F362: Supply: 24V AC/DC | G362: Pattern/Signal: 102 dB | H362: Type: 2-tone Buzzer | I362: Diameter: 60mm / 70mm | J362: Mounting: Tube / Base Mount | K362: Signaling Device | L362: Stocked | M362: XVB7C9S | O362: On Request | P362: =IF(ISNUMBER(O362),O362*(1-N362),O362) | Q362: Harmony XVB7 | R362: High luminosity LED; IP65/IP66 protection; Pre-cabled and pre-assembled | S362: - | T362: 1 | U362: Signaling tower / beacon | V362: 46
A363: 359 | B363: Schneider Electric | C363: Pushbuttons & Signaling (Harmony) | D363: Multi-functional LED Beacon red without buzzer DC/AC 12-24V | E363: Signaling XVR3B04 | F363: Supply: 12-24V AC/DC | G363: Pattern/Signal: Red | H363: Type: - | I363: Diameter: 60mm / 70mm | J363: Mounting: Tube / Base Mount | K363: Signaling Device | L363: Stocked | M363: XVR3B04 | O363: 18965 | P363: =IF(ISNUMBER(O363),O363*(1-N363),O363) | Q363: Harmony Signaling | R363: High luminosity LED; IP65/IP66 protection; Pre-cabled and pre-assembled | S363: - | T363: 1 | U363: Signaling tower / beacon | V363: 50
A364: 360 | B364: Schneider Electric | C364: Pushbuttons & Signaling (Harmony) | D364: Multi-functional LED Beacon red with buzzer DC/AC 12-24V | E364: Signaling XVR3B04S | F364: Supply: 12-24V AC/DC | G364: Pattern/Signal: Red + Buzzer | H364: Type: - | I364: Diameter: 60mm / 70mm | J364: Mounting: Tube / Base Mount | K364: Signaling Device | L364: Stocked | M364: XVR3B04S | O364: 37314 | P364: =IF(ISNUMBER(O364),O364*(1-N364),O364) | Q364: Harmony Signaling | R364: High luminosity LED; IP65/IP66 protection; Pre-cabled and pre-assembled | S364: - | T364: 1 | U364: Signaling tower / beacon | V364: 50
A365: 361 | B365: Schneider Electric | C365: Pushbuttons & Signaling (Harmony) | D365: 2 tones siren 106 dB 12-24V AC/DC white | E365: Signaling XVS10BMW | F365: Supply: 12-24V AC/DC | G365: Pattern/Signal: 106 dB Siren | H365: Type: - | I365: Diameter: 60mm / 70mm | J365: Mounting: Tube / Base Mount | K365: Signaling Device | L365: Stocked | M365: XVS10BMW | O365: 34378 | P365: =IF(ISNUMBER(O365),O365*(1-N365),O365) | Q365: Harmony Signaling | R365: High luminosity LED; IP65/IP66 protection; Pre-cabled and pre-assembled | S365: - | T365: 1 | U365: Signaling tower / beacon | V365: 50
A366: 362 | B366: Schneider Electric | C366: Pushbuttons & Signaling (Harmony) | D366: Tower light Ø 60mm 2-Stage Red, Green 24V DC Alu tube L-bracket | E366: Signaling XVGB2 | F366: Supply: 24V DC | G366: Pattern/Signal: 2-Stage Red/Green | H366: Type: - | I366: Diameter: 60mm / 70mm | J366: Mounting: Tube / Base Mount | K366: Signaling Device | L366: Stocked | M366: XVGB2 | O366: 4214 | P366: =IF(ISNUMBER(O366),O366*(1-N366),O366) | Q366: Harmony Signaling | R366: High luminosity LED; IP65/IP66 protection; Pre-cabled and pre-assembled | S366: - | T366: 1 | U366: Signaling tower / beacon | V366: 50
A367: 363 | B367: Schneider Electric | C367: Pushbuttons & Signaling (Harmony) | D367: Tower light Ø 60mm 3-Stage Red, Amber, Green 24V DC L-bracket | E367: Signaling XVGB3 | F367: Supply: 24V DC | G367: Pattern/Signal: 3-Stage R/A/G | H367: Type: - | I367: Diameter: 60mm / 70mm | J367: Mounting: Tube / Base Mount | K367: Signaling Device | L367: Stocked | M367: XVGB3 | O367: 4773 | P367: =IF(ISNUMBER(O367),O367*(1-N367),O367) | Q367: Harmony Signaling | R367: High luminosity LED; IP65/IP66 protection; Pre-cabled and pre-assembled | S367: - | T367: 1 | U367: Signaling tower / beacon | V367: 50
A368: 364 | B368: Schneider Electric | C368: Pushbuttons & Signaling (Harmony) | D368: Tower light Ø 60mm 3-Stage with Buzzer 24V DC L-bracket | E368: Signaling XVGB3S | F368: Supply: 24V DC | G368: Pattern/Signal: 3-Stage R/A/G + Buzzer | H368: Type: - | I368: Diameter: 60mm / 70mm | J368: Mounting: Tube / Base Mount | K368: Signaling Device | L368: Stocked | M368: XVGB3S | O368: 5426 | P368: =IF(ISNUMBER(O368),O368*(1-N368),O368) | Q368: Harmony Signaling | R368: High luminosity LED; IP65/IP66 protection; Pre-cabled and pre-assembled | S368: - | T368: 1 | U368: Signaling tower / beacon | V368: 50
A369: 365 | B369: Schneider Electric | C369: Pushbuttons & Signaling (Harmony) | D369: Pre-assembled Multicolor USB tower light 60mm IP42 Direct base | E369: Signaling XVGU3SWV | F369: Supply: 5V USB | G369: Pattern/Signal: Multicolor USB | H369: Type: - | I369: Diameter: 60mm / 70mm | J369: Mounting: Tube / Base Mount | K369: Signaling Device | L369: Stocked | M369: XVGU3SWV | O369: 10972 | P369: =IF(ISNUMBER(O369),O369*(1-N369),O369) | Q369: Harmony Signaling | R369: High luminosity LED; IP65/IP66 protection; Pre-cabled and pre-assembled | S369: - | T369: 1 | U369: Signaling tower / beacon | V369: 50
A370: 366 | B370: Schneider Electric | C370: Pushbuttons & Signaling (Harmony) | D370: Tower light Ø 60mm 2-Stage Red, Green 220-240V AC L-bracket | E370: Signaling XVGM2 | F370: Supply: 220-240V AC | G370: Pattern/Signal: 2-Stage Red/Green | H370: Type: - | I370: Diameter: 60mm / 70mm | J370: Mounting: Tube / Base Mount | K370: Signaling Device | L370: Stocked | M370: XVGM2 | O370: 4540 | P370: =IF(ISNUMBER(O370),O370*(1-N370),O370) | Q370: Harmony Signaling | R370: High luminosity LED; IP65/IP66 protection; Pre-cabled and pre-assembled | S370: - | T370: 1 | U370: Signaling tower / beacon | V370: 50
A371: 367 | B371: Schneider Electric | C371: Pushbuttons & Signaling (Harmony) | D371: Tower light Ø 60mm 3-Stage Red, Amber, Green 220-240V AC L-bracket | E371: Signaling XVGM3 | F371: Supply: 220-240V AC | G371: Pattern/Signal: 3-Stage R/A/G | H371: Type: - | I371: Diameter: 60mm / 70mm | J371: Mounting: Tube / Base Mount | K371: Signaling Device | L371: Stocked | M371: XVGM3 | O371: 5137 | P371: =IF(ISNUMBER(O371),O371*(1-N371),O371) | Q371: Harmony Signaling | R371: High luminosity LED; IP65/IP66 protection; Pre-cabled and pre-assembled | S371: - | T371: 1 | U371: Signaling tower / beacon | V371: 50
A372: 368 | B372: Schneider Electric | C372: Pushbuttons & Signaling (Harmony) | D372: Tower light Ø 60mm 3-Stage with Buzzer 220-240V AC L-bracket | E372: Signaling XVGM3S | F372: Supply: 220-240V AC | G372: Pattern/Signal: 3-Stage R/A/G + Buzzer | H372: Type: - | I372: Diameter: 60mm / 70mm | J372: Mounting: Tube / Base Mount | K372: Signaling Device | L372: Stocked | M372: XVGM3S | O372: 5846 | P372: =IF(ISNUMBER(O372),O372*(1-N372),O372) | Q372: Harmony Signaling | R372: High luminosity LED; IP65/IP66 protection; Pre-cabled and pre-assembled | S372: - | T372: 1 | U372: Signaling tower / beacon | V372: 50
A373: 369 | B373: Schneider Electric | C373: Pushbuttons & Signaling (Harmony) | D373: Pendant control station 2 pushbuttons with mechanical interlock 1 NO | E373: Harmony XACA201 | F373: Contacts: 1 NO | G373: Configuration: 2 pushbuttons | H373: Material: Double Insulated Polypropylene | I373: Protection: IP65 | J373: Application: Hoist / Crane / Machine | K373: Pendant / Joystick | L373: Stocked | M373: XACA201 | O373: 7070 | P373: =IF(ISNUMBER(O373),O373*(1-N373),O373) | Q373: Harmony XAC / XD2 | R373: High impact casing; Mechanically interlocked between pairs; CE / UL / CSA approved | S373: - | T373: 1 | U373: Heavy duty hoisting & machine control | V373: 53
A374: 370 | B374: Schneider Electric | C374: Pushbuttons & Signaling (Harmony) | D374: Pendant control station 2 pushbuttons with mechanical interlock 1 NC + 1 NO | E374: Harmony XACA205 | F374: Contacts: 1 NC + 1 NO | G374: Configuration: 2 pushbuttons | H374: Material: Double Insulated Polypropylene | I374: Protection: IP65 | J374: Application: Hoist / Crane / Machine | K374: Pendant / Joystick | L374: Stocked | M374: XACA205 | O374: 7452 | P374: =IF(ISNUMBER(O374),O374*(1-N374),O374) | Q374: Harmony XAC / XD2 | R374: High impact casing; Mechanically interlocked between pairs; CE / UL / CSA approved | S374: - | T374: 1 | U374: Heavy duty hoisting & machine control | V374: 53
... A382: 378 | B382: Schneider Electric | C382: Pushbuttons & Signaling (Harmony) | D382: Foot Switch Insulated Enclosure 1 NC + 1 NO | E382: Harmony XPEA110 | F382: Contacts: 1 NC + 1 NO | G382: Configuration: Foot Switch | H382: Material: Double Insulated Polypropylene | I382: Protection: IP65 | J382: Application: Hoist / Crane / Machine | K382: Pendant / Joystick | L382: Stocked | M382: XPEA110 | O382: 7584 | P382: =IF(ISNUMBER(O382),O382*(1-N382),O382) | Q382: Harmony XAC / XD2 | R382: High impact casing; Mechanically interlocked between pairs; CE / UL / CSA approved | S382: - | T382: 1 | U382: Heavy duty hoisting & machine control | V382: 53
A383: 379 | B383: Schneider Electric | C383: HMI Panels & Industrial PCs | D383: 4" W basic operator terminal ST6 | E383: Harmony HMI HMIST6200 | F383: Screen/Format: 4.0" Widescreen | G383: Type: Basic HMI | H383: Color: 16M / 65K Colors | I383: Software: EcoStruxure / Vijeo | J383: Port: Ethernet / COM / USB | K383: HMI / IPC / License | L383: Stocked | M383: HMIST6200 | O383: On Request | P383: =IF(ISNUMBER(O383),O383*(1-N383),O383) | Q383: Harmony HMI / EcoStruxure | R383: Dual IP Ethernet; Cybersecurity secure boot; Multi-protocol communication; Industrial grade | S383: - | T383: 1 | U383: Industrial HMI & PC solution | V383: 61
A384: 380 | B384: Schneider Electric | C384: HMI Panels & Industrial PCs | D384: 7" W basic operator terminal ST6 | E384: Harmony HMI HMIST6400 | F384: Screen/Format: 7.0" Widescreen | G384: Type: Basic HMI | H384: Color: 16M / 65K Colors | I384: Software: EcoStruxure / Vijeo | J384: Port: Ethernet / COM / USB | K384: HMI / IPC / License | L384: Stocked | M384: HMIST6400 | O384: On Request | P384: =IF(ISNUMBER(O384),O384*(1-N384),O384) | Q384: Harmony HMI / EcoStruxure | R384: Dual IP Ethernet; Cybersecurity secure boot; Multi-protocol communication; Industrial grade | S384: - | T384: 1 | U384: Industrial HMI & PC solution | V384: 61
A385: 381 | B385: Schneider Electric | C385: HMI Panels & Industrial PCs | D385: 10" W basic operator terminal ST6 | E385: Harmony HMI HMIST6500 | F385: Screen/Format: 10.0" Widescreen | G385: Type: Basic HMI | H385: Color: 16M / 65K Colors | I385: Software: EcoStruxure / Vijeo | J385: Port: Ethernet / COM / USB | K385: HMI / IPC / License | L385: Stocked | M385: HMIST6500 | O385: On Request | P385: =IF(ISNUMBER(O385),O385*(1-N385),O385) | Q385: Harmony HMI / EcoStruxure | R385: Dual IP Ethernet; Cybersecurity secure boot; Multi-protocol communication; Industrial grade | S385: - | T385: 1 | U385: Industrial HMI & PC solution | V385: 61
A386: 382 | B386: Schneider Electric | C386: HMI Panels & Industrial PCs | D386: 12" W basic operator terminal ST6 | E386: Harmony HMI HMIST6600 | F386: Screen/Format: 12.0" Widescreen | G386: Type: Basic HMI | H386: Color: 16M / 65K Colors | I386: Software: EcoStruxure / Vijeo | J386: Port: Ethernet / COM / USB | K386: HMI / IPC / License | L386: Stocked | M386: HMIST6600 | O386: On Request | P386: =IF(ISNUMBER(O386),O386*(1-N386),O386) | Q386: Harmony HMI / EcoStruxure | R386: Dual IP Ethernet; Cybersecurity secure boot; Multi-protocol communication; Industrial grade | S386: - | T386: 1 | U386: Industrial HMI & PC solution | V386: 61
A387: 383 | B387: Schneider Electric | C387: HMI Panels & Industrial PCs | D387: 15" W basic operator terminal ST6 | E387: Harmony HMI HMIST6700 | F387: Screen/Format: 15.0" Widescreen | G387: Type: Basic HMI | H387: Color: 16M / 65K Colors | I387: Software: EcoStruxure / Vijeo | J387: Port: Ethernet / COM / USB | K387: HMI / IPC / License | L387: Stocked | M387: HMIST6700 | O387: On Request | P387: =IF(ISNUMBER(O387),O387*(1-N387),O387) | Q387: Harmony HMI / EcoStruxure | R387: Dual IP Ethernet; Cybersecurity secure boot; Multi-protocol communication; Industrial grade | S387: - | T387: 1 | U387: Industrial HMI & PC solution | V387: 61
A388: 384 | B388: Schneider Electric | C388: HMI Software & Remote Access | D388: Basic HMI Edge Box, STM6 with EcoStruxure Machine SCADA Expert | E388: Harmony HMI HMISTM6BOXIOT | F388: Screen/Format: Edge Box | G388: Type: IIoT Cloud Box | H388: Color: 16M / 65K Colors | I388: Software: EcoStruxure / Vijeo | J388: Port: Ethernet / COM / USB | K388: HMI / IPC / License | L388: Stocked | M388: HMISTM6BOXIOT | O388: On Request | P388: =IF(ISNUMBER(O388),O388*(1-N388),O388) | Q388: Harmony HMI / EcoStruxure | R388: Dual IP Ethernet; Cybersecurity secure boot; Multi-protocol communication; Industrial grade | S388: - | T388: 1 | U388: Industrial HMI & PC solution | V388: 61
A389: 385 | B389: Schneider Electric | C389: HMI Panels & Industrial PCs | D389: 4.3" touch panel screen RS232C STO7 | E389: Harmony HMI HMISTO705 | F389: Screen/Format: 4.3" Touch | G389: Type: RS232C | H389: Color: 16M / 65K Colors | I389: Software: EcoStruxure / Vijeo | J389: Port: Ethernet / COM / USB | K389: HMI / IPC / License | L389: Stocked | M389: HMISTO705 | O389: On Request | P389: =IF(ISNUMBER(O389),O389*(1-N389),O389) | Q389: Harmony HMI / EcoStruxure | R389: Dual IP Ethernet; Cybersecurity secure boot; Multi-protocol communication; Industrial grade | S389: - | T389: 1 | U389: Industrial HMI & PC solution | V389: 61
A390: 386 | B390: Schneider Electric | C390: HMI Panels & Industrial PCs | D390: 4.3" touch panel screen Ethernet STO7 | E390: Harmony HMI HMISTO735 | F390: Screen/Format: 4.3" Touch | G390: Type: Ethernet | H390: Color: 16M / 65K Colors | I390: Software: EcoStruxure / Vijeo | J390: Port: Ethernet / COM / USB | K390: HMI / IPC / License | L390: Stocked | M390: HMISTO735 | O390: On Request | P390: =IF(ISNUMBER(O390),O390*(1-N390),O390) | Q390: Harmony HMI / EcoStruxure | R390: Dual IP Ethernet; Cybersecurity secure boot; Multi-protocol communication; Industrial grade | S390: - | T390: 1 | U390: Industrial HMI & PC solution | V390: 61
A391: 387 | B391: Schneider Electric | C391: HMI Panels & Industrial PCs | D391: Touch Panel Screen 3"5 Color STU (Tool-free 22mm hole mount) | E391: Harmony HMI HMISTU655 | F391: Screen/Format: 3.5" Color | G391: Type: 22mm Hole Mount | H391: Color: 16M / 65K Colors | I391: Software: EcoStruxure / Vijeo | J391: Port: Ethernet / COM / USB | K391: HMI / IPC / License | L391: Stocked | M391: HMISTU655 | O391: On Request | P391: =IF(ISNUMBER(O391),O391*(1-N391),O391) | Q391: Harmony HMI / EcoStruxure | R391: Dual IP Ethernet; Cybersecurity secure boot; Multi-protocol communication; Industrial grade | S391: - | T391: 1 | U391: Industrial HMI & PC solution | V391: 61
A392: 388 | B392: Schneider Electric | C392: HMI Panels & Industrial PCs | D392: Touch Panel Screen 5"7 Color STU (Tool-free 22mm hole mount) | E392: Harmony HMI HMISTU855 | F392: Screen/Format: 5.7" Color | G392: Type: 22mm Hole Mount | H392: Color: 16M / 65K Colors | I392: Software: EcoStruxure / Vijeo | J392: Port: Ethernet / COM / USB | K392: HMI / IPC / License | L392: Stocked | M392: HMISTU855 | O392: On Request | P392: =IF(ISNUMBER(O392),O392*(1-N392),O392) | Q392: Harmony HMI / EcoStruxure | R392: Dual IP Ethernet; Cybersecurity secure boot; Multi-protocol communication; Industrial grade | S392: - | T392: 1 | U392: Industrial HMI & PC solution | V392: 61
A393: 389 | B393: Schneider Electric | C393: HMI Panels & Industrial PCs | D393: 3.5 Color Touch Panel QVGA-TFT GTO | E393: Harmony HMI HMIGTO1300 | F393: Screen/Format: 3.5" QVGA | G393: Type: Standard HMI | H393: Color: 16M / 65K Colors | I393: Software: EcoStruxure / Vijeo | J393: Port: Ethernet / COM / USB | K393: HMI / IPC / License | L393: Stocked | M393: HMIGTO1300 | O393: On Request | P393: =IF(ISNUMBER(O393),O393*(1-N393),O393) | Q393: Harmony HMI / EcoStruxure | R393: Dual IP Ethernet; Cybersecurity secure boot; Multi-protocol communication; Industrial grade | S393: - | T393: 1 | U393: Industrial HMI & PC solution | V393: 62
A394: 390 | B394: Schneider Electric | C394: HMI Panels & Industrial PCs | D394: 5.7 Color Touch Panel QVGA-TFT GTO | E394: Harmony HMI HMIGTO2300 | F394: Screen/Format: 5.7" QVGA | G394: Type: Standard HMI | H394: Color: 16M / 65K Colors | I394: Software: EcoStruxure / Vijeo | J394: Port: Ethernet / COM / USB | K394: HMI / IPC / License | L394: Stocked | M394: HMIGTO2300 | O394: On Request | P394: =IF(ISNUMBER(O394),O394*(1-N394),O394) | Q394: Harmony HMI / EcoStruxure | R394: Dual IP Ethernet; Cybersecurity secure boot; Multi-protocol communication; Industrial grade | S394: - | T394: 1 | U394: Industrial HMI & PC solution | V394: 62
... A412: 408 | B412: Schneider Electric | C412: HMI Software & Remote Access | D412: Vijeo Connect Link Manager Remote Access License | E412: Harmony HMI VJOCNTLML | F412: Screen/Format: Remote Access | G412: Type: Link Manager | H412: Color: 16M / 65K Colors | I412: Software: EcoStruxure / Vijeo | J412: Port: Ethernet / COM / USB | K412: HMI / IPC / License | L412: Stocked | M412: VJOCNTLML | O412: On Request | P412: =IF(ISNUMBER(O412),O412*(1-N412),O412) | Q412: Harmony HMI / EcoStruxure | R412: Dual IP Ethernet; Cybersecurity secure boot; Multi-protocol communication; Industrial grade | S412: - | T412: 1 | U412: Industrial HMI & PC solution | V412: 72
A413: 409 | B413: Schneider Electric | C413: Control Relays (TeSys) | D413: TeSys K Control Relay 2NO+2NC 24V AC | E413: TeSys K CA2KN22B7 | F413: Rating: 2NO + 2NC | G413: Power/Voltage: 24V AC | H413: Poles: 3P / 4P | I413: Frequency: 50/60Hz Dual | J413: Mounting: DIN Rail 35mm | K413: Contactor / Relay | L413: Stocked | M413: CA2KN22B7 | O413: 2640 | P413: =IF(ISNUMBER(O413),O413*(1-N413),O413) | Q413: TeSys K | R413: Compact mini-contactor; Conforms to IEC, UL, CSA; 1NO or 1NC auxiliary built-in | S413: - | T413: 1 | U413: Compact machine automation | V413: 77
A414: 410 | B414: Schneider Electric | C414: Control Relays (TeSys) | D414: TeSys K Control Relay 2NO+2NC 220V AC | E414: TeSys K CA2KN22M7 | F414: Rating: 2NO + 2NC | G414: Power/Voltage: 220V AC | H414: Poles: 3P / 4P | I414: Frequency: 50/60Hz Dual | J414: Mounting: DIN Rail 35mm | K414: Contactor / Relay | L414: Stocked | M414: CA2KN22M7 | O414: 2640 | P414: =IF(ISNUMBER(O414),O414*(1-N414),O414) | Q414: TeSys K | R414: Compact mini-contactor; Conforms to IEC, UL, CSA; 1NO or 1NC auxiliary built-in | S414: - | T414: 1 | U414: Compact machine automation | V414: 77
A415: 411 | B415: Schneider Electric | C415: Control Relays (TeSys) | D415: TeSys K Control Relay 3NO+1NC 220V AC | E415: TeSys K CA2KN31M7 | F415: Rating: 3NO + 1NC | G415: Power/Voltage: 220V AC | H415: Poles: 3P / 4P | I415: Frequency: 50/60Hz Dual | J415: Mounting: DIN Rail 35mm | K415: Contactor / Relay | L415: Stocked | M415: CA2KN31M7 | O415: 2640 | P415: =IF(ISNUMBER(O415),O415*(1-N415),O415) | Q415: TeSys K | R415: Compact mini-contactor; Conforms to IEC, UL, CSA; 1NO or 1NC auxiliary built-in | S415: - | T415: 1 | U415: Compact machine automation | V415: 77
A416: 412 | B416: Schneider Electric | C416: Control Relays (TeSys) | D416: TeSys K Control Relay 4NO 220V AC | E416: TeSys K CA2KN40M7 | F416: Rating: 4NO | G416: Power/Voltage: 220V AC | H416: Poles: 3P / 4P | I416: Frequency: 50/60Hz Dual | J416: Mounting: DIN Rail 35mm | K416: Contactor / Relay | L416: Stocked | M416: CA2KN40M7 | O416: 2640 | P416: =IF(ISNUMBER(O416),O416*(1-N416),O416) | Q416: TeSys K | R416: Compact mini-contactor; Conforms to IEC, UL, CSA; 1NO or 1NC auxiliary built-in | S416: - | T416: 1 | U416: Compact machine automation | V416: 77
A417: 413 | B417: Schneider Electric | C417: Control Relays (TeSys) | D417: TeSys K DC Control Relay 2NO+2NC 24V DC | E417: TeSys K CA3KN22BD | F417: Rating: 2NO + 2NC | G417: Power/Voltage: 24V DC | H417: Poles: 3P / 4P | I417: Frequency: 50/60Hz Dual | J417: Mounting: DIN Rail 35mm | K417: Contactor / Relay | L417: Stocked | M417: CA3KN22BD | O417: 3670 | P417: =IF(ISNUMBER(O417),O417*(1-N417),O417) | Q417: TeSys K | R417: Compact mini-contactor; Conforms to IEC, UL, CSA; 1NO or 1NC auxiliary built-in | S417: - | T417: 1 | U417: Compact machine automation | V417: 77
A418: 414 | B418: Schneider Electric | C418: Control Relays (TeSys) | D418: TeSys K DC Control Relay 3NO+1NC 24V DC | E418: TeSys K CA3KN31BD | F418: Rating: 3NO + 1NC | G418: Power/Voltage: 24V DC | H418: Poles: 3P / 4P | I418: Frequency: 50/60Hz Dual | J418: Mounting: DIN Rail 35mm | K418: Contactor / Relay | L418: Stocked | M418: CA3KN31BD | O418: 3670 | P418: =IF(ISNUMBER(O418),O418*(1-N418),O418) | Q418: TeSys K | R418: Compact mini-contactor; Conforms to IEC, UL, CSA; 1NO or 1NC auxiliary built-in | S418: - | T418: 1 | U418: Compact machine automation | V418: 77
A419: 415 | B419: Schneider Electric | C419: Power Contactors (TeSys K/Deca/Giga) | D419: TeSys K Low Consumption DC Relay 2NO+2NC 24V DC | E419: TeSys K CA4KN22BW3 | F419: Rating: 2NO + 2NC | G419: Power/Voltage: 24V DC Low Cons. | H419: Poles: 3P / 4P | I419: Frequency: 50/60Hz Dual | J419: Mounting: DIN Rail 35mm | K419: Contactor / Relay | L419: Stocked | M419: CA4KN22BW3 | O419: 4495 | P419: =IF(ISNUMBER(O419),O419*(1-N419),O419) | Q419: TeSys K | R419: Compact mini-contactor; Conforms to IEC, UL, CSA; 1NO or 1NC auxiliary built-in | S419: - | T419: 1 | U419: Compact machine automation | V419: 77
A420: 416 | B420: Schneider Electric | C420: Power Contactors (TeSys K/Deca/Giga) | D420: TeSys K Contactor 6A AC-3 2.2kW 1NC Aux 220V AC | E420: TeSys K LC1K0601M7 | F420: Rating: 6A AC-3 | G420: Power/Voltage: 2.2kW | H420: Poles: 3P / 4P | I420: Frequency: 50/60Hz Dual | J420: Mounting: DIN Rail 35mm | K420: Contactor / Relay | L420: Stocked | M420: LC1K0601M7 | O420: 2315 | P420: =IF(ISNUMBER(O420),O420*(1-N420),O420) | Q420: TeSys K | R420: Compact mini-contactor; Conforms to IEC, UL, CSA; 1NO or 1NC auxiliary built-in | S420: - | T420: 1 | U420: Compact machine automation | V420: 77
A421: 417 | B421: Schneider Electric | C421: Power Contactors (TeSys K/Deca/Giga) | D421: TeSys K Contactor 6A AC-3 2.2kW 1NO Aux 220V AC | E421: TeSys K LC1K0610M7 | F421: Rating: 6A AC-3 | G421: Power/Voltage: 2.2kW | H421: Poles: 3P / 4P | I421: Frequency: 50/60Hz Dual | J421: Mounting: DIN Rail 35mm | K421: Contactor / Relay | L421: Stocked | M421: LC1K0610M7 | O421: 2315 | P421: =IF(ISNUMBER(O421),O421*(1-N421),O421) | Q421: TeSys K | R421: Compact mini-contactor; Conforms to IEC, UL, CSA; 1NO or 1NC auxiliary built-in | S421: - | T421: 1 | U421: Compact machine automation | V421: 77
A422: 418 | B422: Schneider Electric | C422: Power Contactors (TeSys K/Deca/Giga) | D422: TeSys K Contactor 9A AC-3 4kW 1NC Aux 220V AC | E422: TeSys K LC1K0901M7 | F422: Rating: 9A AC-3 | G422: Power/Voltage: 4.0kW | H422: Poles: 3P / 4P | I422: Frequency: 50/60Hz Dual | J422: Mounting: DIN Rail 35mm | K422: Contactor / Relay | L422: Stocked | M422: LC1K0901M7 | O422: 2420 | P422: =IF(ISNUMBER(O422),O422*(1-N422),O422) | Q422: TeSys K | R422: Compact mini-contactor; Conforms to IEC, UL, CSA; 1NO or 1NC auxiliary built-in | S422: - | T422: 1 | U422: Compact machine automation | V422: 77
A423: 419 | B423: Schneider Electric | C423: Power Contactors (TeSys K/Deca/Giga) | D423: TeSys K Contactor 9A AC-3 4kW 1NO Aux 220V AC | E423: TeSys K LC1K0910M7 | F423: Rating: 9A AC-3 | G423: Power/Voltage: 4.0kW | H423: Poles: 3P / 4P | I423: Frequency: 50/60Hz Dual | J423: Mounting: DIN Rail 35mm | K423: Contactor / Relay | L423: Stocked | M423: LC1K0910M7 | O423: 2420 | P423: =IF(ISNUMBER(O423),O423*(1-N423),O423) | Q423: TeSys K | R423: Compact mini-contactor; Conforms to IEC, UL, CSA; 1NO or 1NC auxiliary built-in | S423: - | T423: 1 | U423: Compact machine automation | V423: 77
A424: 420 | B424: Schneider Electric | C424: Power Contactors (TeSys K/Deca/Giga) | D424: TeSys K Contactor 12A AC-3 5.5kW 1NC Aux 220V AC | E424: TeSys K LC1K1201M7 | F424: Rating: 12A AC-3 | G424: Power/Voltage: 5.5kW | H424: Poles: 3P / 4P | I424: Frequency: 50/60Hz Dual | J424: Mounting: DIN Rail 35mm | K424: Contactor / Relay | L424: Stocked | M424: LC1K1201M7 | O424: 2740 | P424: =IF(ISNUMBER(O424),O424*(1-N424),O424) | Q424: TeSys K | R424: Compact mini-contactor; Conforms to IEC, UL, CSA; 1NO or 1NC auxiliary built-in | S424: - | T424: 1 | U424: Compact machine automation | V424: 77
... A702: 698 | B702: Schneider Electric | C702: Control & Command (Acti 9) | D702: iIL Indicator Light single Green LED 230V AC | E702: Acti9 A9E18321 | F702: Rating: 230V AC | G702: Poles: Green LED | H702: Sensitivity/Curve: Indicator | I702: Standards: IEC/EN 61008 / 61643 | J702: Mounting: DIN Rail 35mm | K702: Modular Device | L702: Stocked | M702: A9E18321 | O702: 2291 | P702: =IF(ISNUMBER(O702),O702*(1-N702),O702) | Q702: Acti 9 Range | R702: Earth leakage / surge / load control; High electrical continuity; Modular 18mm DIN rail pitch | S702: Distribution Boards | T702: 1 | U702: Modular circuit protection | V702: 138

Sheet E-Commerce & Catalogue Schema
A1: Schneider Electric Industrial Automation - E-Commerce & Product Master Data
A2: Clean, normalized tabular data ready for ERP, E-Commerce, PIM import, and parametric filtering.
A4: Category | B4: Subcategory | C4: Product Family | D4: Product Code / SKU | E4: Product Name | F4: Description | G4: Voltage Rating (V) | H4: Current Rating (A) | I4: Breaking / Withstand Capacity (kA) | J4: Dimensions (W x D x H mm) | K4: Ingress Protection (IP) | L4: Technical Specifications | M4: Currency | N4: List Price | O4: Discount (%) | P4: Net Price | Q4: Price Status | R4: Availability / Lead Time Details | S4: Installation / Mounting Type | T4: Standards / Compliance | U4: Catalogue Page Reference
A5: Power Supplies (Phaseo) | B5: Panel Mount Switch Mode Power Supply | C5: Phaseo ABL2 | D5: ABL2REM24015K | E5: Phaseo Easy ABL2 35W | F5: ABL2_K Power Supply, DC24V output, 35W | G5: 24V | H5: 1.5A | I5: - | J5: Panel Mount | K5: IP20 | L5: Output stability +/-1%; MTBF >600k hours; Diagnostic LED; Input 100-240V AC | M5: INR | N5: 3061 | P5: =IF(ISNUMBER(N5),N5*(1-O5),N5) | Q5: ok | R5: Normal Stock Item | S5: Panel mount | T5: IEC 60950-1 | U5: Page 5
A6: Power Supplies (Phaseo) | B6: Panel Mount Switch Mode Power Supply | C6: Phaseo ABL2 | D6: ABL2REM24020K | E6: Phaseo Easy ABL2 50W | F6: ABL2_K Power Supply, DC24V output, 50W | G6: 24V | H6: 2A | I6: - | J6: Panel Mount | K6: IP20 | L6: Output stability +/-1%; MTBF >600k hours; Diagnostic LED; Input 100-240V AC | M6: INR | N6: 3393 | P6: =IF(ISNUMBER(N6),N6*(1-O6),N6) | Q6: ok | R6: Normal Stock Item | S6: Panel mount | T6: IEC 60950-1 | U6: Page 5
A7: Power Supplies (Phaseo) | B7: Panel Mount Switch Mode Power Supply | C7: Phaseo ABL2 | D7: ABL2REM24045K | E7: Phaseo Easy ABL2 100W | F7: ABL2_K Power Supply, DC24V output, 100W | G7: 24V | H7: 4.5A | I7: - | J7: Panel Mount | K7: IP20 | L7: Output stability +/-1%; MTBF >600k hours; Diagnostic LED; Input 100-240V AC | M7: INR | N7: 5024 | P7: =IF(ISNUMBER(N7),N7*(1-O7),N7) | Q7: ok | R7: Normal Stock Item | S7: Panel mount | T7: IEC 60950-1 | U7: Page 5
A8: Power Supplies (Phaseo) | B8: Panel Mount Switch Mode Power Supply | C8: Phaseo ABL2 | D8: ABL2REM24065K | E8: Phaseo Easy ABL2 150W | F8: ABL2_K Power Supply, DC24V output, 150W | G8: 24V | H8: 6.5A | I8: - | J8: Panel Mount | K8: IP20 | L8: Output stability +/-1%; MTBF >600k hours; Diagnostic LED; Input 100-240V AC | M8: INR | N8: 6061 | P8: =IF(ISNUMBER(N8),N8*(1-O8),N8) | Q8: ok | R8: Normal Stock Item | S8: Panel mount | T8: IEC 60950-1 | U8: Page 5
A9: Power Supplies (Phaseo) | B9: Panel Mount Switch Mode Power Supply | C9: Phaseo ABL2 | D9: ABL2REM24085K | E9: Phaseo Easy ABL2 200W | F9: ABL2_K Power Supply, DC24V output, 200W | G9: 24V | H9: 8.5A | I9: - | J9: Panel Mount | K9: IP20 | L9: Output stability +/-1%; MTBF >600k hours; Diagnostic LED; Input 100-240V AC | M9: INR | N9: 8038 | P9: =IF(ISNUMBER(N9),N9*(1-O9),N9) | Q9: ok | R9: Normal Stock Item | S9: Panel mount | T9: IEC 60950-1 | U9: Page 5
A10: Power Supplies (Phaseo) | B10: Panel Mount Switch Mode Power Supply | C10: Phaseo ABL2 | D10: ABL2REM24100K | E10: Phaseo Easy ABL2 250W | F10: ABL2_K Power Supply, DC24V output, 250W | G10: 24V | H10: 10A | I10: - | J10: Panel Mount | K10: IP20 | L10: Output stability +/-1%; MTBF >600k hours; Diagnostic LED; Input 100-240V AC | M10: INR | N10: 9194 | P10: =IF(ISNUMBER(N10),N10*(1-O10),N10) | Q10: ok | R10: Normal Stock Item | S10: Panel mount | T10: IEC 60950-1 | U10: Page 5
A11: Power Supplies (Phaseo) | B11: Panel Mount Switch Mode Power Supply | C11: Phaseo ABL2 | D11: ABL2REM24150K | E11: Phaseo Easy ABL2 350W | F11: ABL2_K Power Supply, DC24V output, 350W | G11: 24V | H11: 15A | I11: - | J11: Panel Mount | K11: IP20 | L11: Output stability +/-1%; MTBF >600k hours; Diagnostic LED; Input 100-240V AC | M11: INR | N11: 14992 | P11: =IF(ISNUMBER(N11),N11*(1-O11),N11) | Q11: ok | R11: Normal Stock Item | S11: Panel mount | T11: IEC 60950-1 | U11: Page 5
A12: Power Supplies (Phaseo) | B12: Universal DIN Rail Power Supply | C12: Phaseo ABL8 | D12: ABL8RPS24030 | E12: Phaseo ABL8 72W | F12: Univ. Power Supply 1P 24V 3A, 72W | G12: 24V | H12: 3A | I12: - | J12: DIN Rail 35mm | K12: IP20 | L12: 1 or 2 phase input; Auto/manual reset; 2 diagnosis LEDs; Diagnosis relay output | M12: INR | N12: 21487 | P12: =IF(ISNUMBER(N12),N12*(1-O12),N12) | Q12: ok | R12: Normal Stock Item | S12: DIN Rail 35mm | T12: IEC 61000-6-2 | U12: Page 5
A13: Power Supplies (Phaseo) | B13: Universal DIN Rail Power Supply | C13: Phaseo ABL8 | D13: ABL8RPS24050 | E13: Phaseo ABL8 120W | F13: Univ. Power Supply 1P 24V 5A, 120W | G13: 24V | H13: 5A | I13: - | J13: DIN Rail 35mm | K13: IP20 | L13: 1 or 2 phase input; Auto/manual reset; 2 diagnosis LEDs; Diagnosis relay output | M13: INR | N13: 27778 | P13: =IF(ISNUMBER(N13),N13*(1-O13),N13) | Q13: ok | R13: Normal Stock Item | S13: DIN Rail 35mm | T13: IEC 61000-6-2 | U13: Page 5
A14: Power Supplies (Phaseo) | B14: Universal DIN Rail Power Supply | C14: Phaseo ABL8 | D14: ABL8RPS24100 | E14: Phaseo ABL8 240W | F14: Univ. Power Supply 1P 24V 10A, 240W | G14: 24V | H14: 10A | I14: - | J14: DIN Rail 35mm | K14: IP20 | L14: 1 or 2 phase input; Auto/manual reset; 2 diagnosis LEDs; Diagnosis relay output | M14: INR | N14: 31734 | P14: =IF(ISNUMBER(N14),N14*(1-O14),N14) | Q14: ok | R14: Normal Stock Item | S14: DIN Rail 35mm | T14: IEC 61000-6-2 | U14: Page 5
A15: Power Supplies (Phaseo) | B15: Universal DIN Rail Power Supply | C15: Phaseo ABL8 | D15: ABL8RPM24200 | E15: Phaseo ABL8 480W | F15: Univ. Power Supply 1P 24V 20A, 480W | G15: 24V | H15: 20A | I15: - | J15: DIN Rail 35mm | K15: IP20 | L15: 1 or 2 phase input; Auto/manual reset; 2 diagnosis LEDs; Diagnosis relay output | M15: INR | N15: 47764 | P15: =IF(ISNUMBER(N15),N15*(1-O15),N15) | Q15: ok | R15: Normal Stock Item | S15: DIN Rail 35mm | T15: IEC 61000-6-2 | U15: Page 5
A16: Power Supplies (Phaseo) | B16: Optimised DIN Rail Power Supply | C16: Phaseo ABLS | D16: ABLS1A12062 | E16: Phaseo ABLS 75W | F16: POWER SUPPLY 12V 6.2A 1PH OPTIMIZED | G16: 12V | H16: 6.2A | I16: - | J16: Compact DIN Rail | K16: IP20 | L16: Conformal coating; 6 output terminals; High output stability; Operating up to +70 deg C | M16: INR | N16: 10652 | P16: =IF(ISNUMBER(N16),N16*(1-O16),N16) | Q16: ok | R16: Normal Stock Item | S16: DIN Rail 35mm | T16: IEC 62368-1 | U16: Page 6
... A75: Smart Relays (Harmony Zelio) | B75: Zelio Extension Modules & Accessories | C75: Harmony Zelio | D75: SR2USB01 | E75: Zelio Acc SR2USB01 | F75: USB PC connecting cable - 3 m | G75: Cable | H75: - | I75: - | J75: Modular expansion | K75: IP20 | L75: USB PC connecting cable - 3 m | M75: INR | N75: 20194 | P75: =IF(ISNUMBER(N75),N75*(1-O75),N75) | Q75: ok | R75: Normal Stock Item | S75: Side mounting on SR3 | T75: IEC 61131-2 | U75: Page 8
A76: Variable Speed Drives (Altivar) | B76: General Purpose AC Drives | C76: Altivar ATV12 / ATV310 | D76: ATV12H018M2 | E76: Altivar ATV12H018M2 | F76: Altivar 12 Drive 0.18kW 0.25HP 1-Phase 200-240V | G76: 1-Ph 200-240V | H76: 1.4A | I76: - | J76: Compact Enclosure | K76: IP20 | L76: Integrated Modbus; 55 deg C without derating; Optimized panel space; Built-in brake chopper | M76: INR | N76: On Request | P76: =IF(ISNUMBER(N76),N76*(1-O76),N76) | Q76: on request | R76: Normal Stock Item | S76: Panel Mount / DIN Rail | T76: IEC 61800-5-1 | U76: Page 11
A77: Variable Speed Drives (Altivar) | B77: General Purpose AC Drives | C77: Altivar ATV12 / ATV310 | D77: ATV12H037M2 | E77: Altivar ATV12H037M2 | F77: Altivar 12 Drive 0.37kW 0.55HP 1-Phase 200-240V | G77: 1-Ph 200-240V | H77: 2.4A | I77: - | J77: Compact Enclosure | K77: IP20 | L77: Integrated Modbus; 55 deg C without derating; Optimized panel space; Built-in brake chopper | M77: INR | N77: On Request | P77: =IF(ISNUMBER(N77),N77*(1-O77),N77) | Q77: on request | R77: Normal Stock Item | S77: Panel Mount / DIN Rail | T77: IEC 61800-5-1 | U77: Page 11
A78: Variable Speed Drives (Altivar) | B78: General Purpose AC Drives | C78: Altivar ATV12 / ATV310 | D78: ATV12H055M2 | E78: Altivar ATV12H055M2 | F78: Altivar 12 Drive 0.55kW 0.75HP 1-Phase 200-240V | G78: 1-Ph 200-240V | H78: 3.5A | I78: - | J78: Compact Enclosure | K78: IP20 | L78: Integrated Modbus; 55 deg C without derating; Optimized panel space; Built-in brake chopper | M78: INR | N78: On Request | P78: =IF(ISNUMBER(N78),N78*(1-O78),N78) | Q78: on request | R78: Normal Stock Item | S78: Panel Mount / DIN Rail | T78: IEC 61800-5-1 | U78: Page 11
A79: Variable Speed Drives (Altivar) | B79: General Purpose AC Drives | C79: Altivar ATV12 / ATV310 | D79: ATV12H075M2 | E79: Altivar ATV12H075M2 | F79: Altivar 12 Drive 0.75kW 1HP 1-Phase 200-240V | G79: 1-Ph 200-240V | H79: 4.2A | I79: - | J79: Compact Enclosure | K79: IP20 | L79: Integrated Modbus; 55 deg C without derating; Optimized panel space; Built-in brake chopper | M79: INR | N79: On Request | P79: =IF(ISNUMBER(N79),N79*(1-O79),N79) | Q79: on request | R79: Normal Stock Item | S79: Panel Mount / DIN Rail | T79: IEC 61800-5-1 | U79: Page 11
A80: Variable Speed Drives (Altivar) | B80: General Purpose AC Drives | C80: Altivar ATV12 / ATV310 | D80: ATV12HU15M2 | E80: Altivar ATV12HU15M2 | F80: Altivar 12 Drive 1.5kW 2HP 1-Phase 200-240V | G80: 1-Ph 200-240V | H80: 7.5A | I80: - | J80: Compact Enclosure | K80: IP20 | L80: Integrated Modbus; 55 deg C without derating; Optimized panel space; Built-in brake chopper | M80: INR | N80: On Request | P80: =IF(ISNUMBER(N80),N80*(1-O80),N80) | Q80: on request | R80: Normal Stock Item | S80: Panel Mount / DIN Rail | T80: IEC 61800-5-1 | U80: Page 11
A81: Variable Speed Drives (Altivar) | B81: General Purpose AC Drives | C81: Altivar ATV12 / ATV310 | D81: ATV12HU22M2 | E81: Altivar ATV12HU22M2 | F81: Altivar 12 Drive 2.2kW 3HP 1-Phase 200-240V | G81: 1-Ph 200-240V | H81: 10A | I81: - | J81: Compact Enclosure | K81: IP20 | L81: Integrated Modbus; 55 deg C without derating; Optimized panel space; Built-in brake chopper | M81: INR | N81: On Request | P81: =IF(ISNUMBER(N81),N81*(1-O81),N81) | Q81: on request | R81: Normal Stock Item | S81: Panel Mount / DIN Rail | T81: IEC 61800-5-1 | U81: Page 11
A82: Variable Speed Drives (Altivar) | B82: General Purpose AC Drives | C82: Altivar ATV12 / ATV310 | D82: ATV12H037M3 | E82: Altivar ATV12H037M3 | F82: Altivar 12 Drive 0.37kW 0.55HP 3-Phase 200-240V | G82: 3-Ph 200-240V | H82: 2.4A | I82: - | J82: Compact Enclosure | K82: IP20 | L82: Integrated Modbus; 55 deg C without derating; Optimized panel space; Built-in brake chopper | M82: INR | N82: On Request | P82: =IF(ISNUMBER(N82),N82*(1-O82),N82) | Q82: on request | R82: Normal Stock Item | S82: Panel Mount / DIN Rail | T82: IEC 61800-5-1 | U82: Page 11
A83: Variable Speed Drives (Altivar) | B83: General Purpose AC Drives | C83: Altivar ATV12 / ATV310 | D83: ATV12H075M3 | E83: Altivar ATV12H075M3 | F83: Altivar 12 Drive 0.75kW 1HP 3-Phase 200-240V | G83: 3-Ph 200-240V | H83: 4.2A | I83: - | J83: Compact Enclosure | K83: IP20 | L83: Integrated Modbus; 55 deg C without derating; Optimized panel space; Built-in brake chopper | M83: INR | N83: On Request | P83: =IF(ISNUMBER(N83),N83*(1-O83),N83) | Q83: on request | R83: Normal Stock Item | S83: Panel Mount / DIN Rail | T83: IEC 61800-5-1 | U83: Page 11
A84: Variable Speed Drives (Altivar) | B84: General Purpose AC Drives | C84: Altivar ATV12 / ATV310 | D84: ATV12HU15M3 | E84: Altivar ATV12HU15M3 | F84: Altivar 12 Drive 1.5kW 2HP 3-Phase 200-240V | G84: 3-Ph 200-240V | H84: 7.5A | I84: - | J84: Compact Enclosure | K84: IP20 | L84: Integrated Modbus; 55 deg C without derating; Optimized panel space; Built-in brake chopper | M84: INR | N84: On Request | P84: =IF(ISNUMBER(N84),N84*(1-O84),N84) | Q84: on request | R84: Normal Stock Item | S84: Panel Mount / DIN Rail | T84: IEC 61800-5-1 | U84: Page 11
A85: Variable Speed Drives (Altivar) | B85: General Purpose AC Drives | C85: Altivar ATV12 / ATV310 | D85: ATV12HU22M3 | E85: Altivar ATV12HU22M3 | F85: Altivar 12 Drive 2.2kW 3HP 3-Phase 200-240V | G85: 3-Ph 200-240V | H85: 10A | I85: - | J85: Compact Enclosure | K85: IP20 | L85: Integrated Modbus; 55 deg C without derating; Optimized panel space; Built-in brake chopper | M85: INR | N85: On Request | P85: =IF(ISNUMBER(N85),N85*(1-O85),N85) | Q85: on request | R85: Normal Stock Item | S85: Panel Mount / DIN Rail | T85: IEC 61800-5-1 | U85: Page 11
A86: Variable Speed Drives (Altivar) | B86: General Purpose AC Drives | C86: Altivar ATV12 / ATV310 | D86: ATV12HU30M3 | E86: Altivar ATV12HU30M3 | F86: Altivar 12 Drive 3kW 3-Phase 200-240V | G86: 3-Ph 200-240V | H86: 12.2A | I86: - | J86: Compact Enclosure | K86: IP20 | L86: Integrated Modbus; 55 deg C without derating; Optimized panel space; Built-in brake chopper | M86: INR | N86: On Request | P86: =IF(ISNUMBER(N86),N86*(1-O86),N86) | Q86: on request | R86: Normal Stock Item | S86: Panel Mount / DIN Rail | T86: IEC 61800-5-1 | U86: Page 11
A87: Variable Speed Drives (Altivar) | B87: General Purpose AC Drives | C87: Altivar ATV12 / ATV310 | D87: ATV12HU40M3 | E87: Altivar ATV12HU40M3 | F87: Altivar 12 Drive 4kW 5HP 3-Phase 200-240V | G87: 3-Ph 200-240V | H87: 16.7A | I87: - | J87: Compact Enclosure | K87: IP20 | L87: Integrated Modbus; 55 deg C without derating; Optimized panel space; Built-in brake chopper | M87: INR | N87: On Request | P87: =IF(ISNUMBER(N87),N87*(1-O87),N87) | Q87: on request | R87: Normal Stock Item | S87: Panel Mount / DIN Rail | T87: IEC 61800-5-1 | U87: Page 11
... A204: Soft Starters (Altistart/Altivar) | B204: ATS490 Advanced Soft Starters | C204: Altivar ATS490 | D204: ATS490M12Y | E204: ATS490 ATS490M12Y | F204: ATS490 Soft Starter 1200A 630-900kW | G204: 208-690V | H204: 1200A | I204: - | J204: Panel mount enclosure | K204: IP00 / IP20 | L204: Torque control original; Integrated bypass; Cybersecure IEC 62443; Modbus TCP / Ethernet IP | M204: INR | N204: On Request | P204: =IF(ISNUMBER(N204),N204*(1-O204),N204) | Q204: on request | R204: Normal Stock Item | S204: Panel Mount | T204: IEC 60947-4-2 | U204: Page 25
A205: Plug-in Relays (Harmony) | B205: Interface Relays (RXG) | C205: Harmony RXG | D205: RXG11BD | E205: RXG RXG11BD | F205: 1CO 6 Pin Relay Standard cover lockable test button w/o LED 24V DC | G205: 24V DC | H205: 1 CO - 10 A | I205: - | J205: 16mm socket width | K205: IP40 | L205: Fast-on pin terminal; Optional lockable test button; 16mm socket width | M205: INR | N205: 690 | P205: =IF(ISNUMBER(N205),N205*(1-O205),N205) | Q205: ok | R205: Normal Stock Item | S205: Socket on DIN rail | T205: IEC 61810-1 | U205: Page 27
A206: Plug-in Relays (Harmony) | B206: Interface Relays (RXG) | C206: Harmony RXG | D206: RXG11F7 | E206: RXG RXG11F7 | F206: 1CO 6 Pin Relay Standard cover lockable test button w/o LED 120V AC | G206: 120V AC | H206: 1 CO - 10 A | I206: - | J206: 16mm socket width | K206: IP40 | L206: Fast-on pin terminal; Optional lockable test button; 16mm socket width | M206: INR | N206: 911 | P206: =IF(ISNUMBER(N206),N206*(1-O206),N206) | Q206: ok | R206: Normal Stock Item | S206: Socket on DIN rail | T206: IEC 61810-1 | U206: Page 27
A207: Plug-in Relays (Harmony) | B207: Interface Relays (RXG) | C207: Harmony RXG | D207: RXG11P7 | E207: RXG RXG11P7 | F207: 1CO 6 Pin Relay Standard cover lockable test button w/o LED 230V AC | G207: 230V AC | H207: 1 CO - 10 A | I207: - | J207: 16mm socket width | K207: IP40 | L207: Fast-on pin terminal; Optional lockable test button; 16mm socket width | M207: INR | N207: 859 | P207: =IF(ISNUMBER(N207),N207*(1-O207),N207) | Q207: ok | R207: Normal Stock Item | S207: Socket on DIN rail | T207: IEC 61810-1 | U207: Page 27
A208: Plug-in Relays (Harmony) | B208: Interface Relays (RXG) | C208: Harmony RXG | D208: RXG12BD | E208: RXG RXG12BD | F208: 1CO 6 Pin Relay Standard cover lockable test button with LED 24V DC | G208: 24V DC | H208: 1 CO - 10 A | I208: - | J208: 16mm socket width | K208: IP40 | L208: Fast-on pin terminal; Optional lockable test button; 16mm socket width | M208: INR | N208: 779 | P208: =IF(ISNUMBER(N208),N208*(1-O208),N208) | Q208: ok | R208: Normal Stock Item | S208: Socket on DIN rail | T208: IEC 61810-1 | U208: Page 27
A209: Plug-in Relays (Harmony) | B209: Interface Relays (RXG) | C209: Harmony RXG | D209: RXG12F7 | E209: RXG RXG12F7 | F209: 1CO 6 Pin Relay Standard cover lockable test button with LED 120V AC | G209: 120V AC | H209: 1 CO - 10 A | I209: - | J209: 16mm socket width | K209: IP40 | L209: Fast-on pin terminal; Optional lockable test button; 16mm socket width | M209: INR | N209: 934 | P209: =IF(ISNUMBER(N209),N209*(1-O209),N209) | Q209: ok | R209: Normal Stock Item | S209: Socket on DIN rail | T209: IEC 61810-1 | U209: Page 27
A210: Plug-in Relays (Harmony) | B210: Interface Relays (RXG) | C210: Harmony RXG | D210: RXG12P7 | E210: RXG RXG12P7 | F210: 1CO 6 Pin Relay Standard cover lockable test button with LED 230V AC | G210: 230V AC | H210: 1 CO - 10 A | I210: - | J210: 16mm socket width | K210: IP40 | L210: Fast-on pin terminal; Optional lockable test button; 16mm socket width | M210: INR | N210: 934 | P210: =IF(ISNUMBER(N210),N210*(1-O210),N210) | Q210: ok | R210: Normal Stock Item | S210: Socket on DIN rail | T210: IEC 61810-1 | U210: Page 27
A211: Plug-in Relays (Harmony) | B211: Interface Relays (RXG) | C211: Harmony RXG | D211: RXG21BD | E211: RXG RXG21BD | F211: 2CO 8 Pin Relay Standard cover lockable test button w/o LED 24V DC | G211: 24V DC | H211: 2 CO - 5 A | I211: - | J211: 16mm socket width | K211: IP40 | L211: Fast-on pin terminal; Optional lockable test button; 16mm socket width | M211: INR | N211: 778 | P211: =IF(ISNUMBER(N211),N211*(1-O211),N211) | Q211: ok | R211: Normal Stock Item | S211: Socket on DIN rail | T211: IEC 61810-1 | U211: Page 27
A212: Plug-in Relays (Harmony) | B212: Interface Relays (RXG) | C212: Harmony RXG | D212: RXG21F7 | E212: RXG RXG21F7 | F212: 2CO 8 Pin Relay Standard cover lockable test button w/o LED 120V AC | G212: 120V AC | H212: 2 CO - 5 A | I212: - | J212: 16mm socket width | K212: IP40 | L212: Fast-on pin terminal; Optional lockable test button; 16mm socket width | M212: INR | N212: 944 | P212: =IF(ISNUMBER(N212),N212*(1-O212),N212) | Q212: ok | R212: Normal Stock Item | S212: Socket on DIN rail | T212: IEC 61810-1 | U212: Page 27
A213: Plug-in Relays (Harmony) | B213: Interface Relays (RXG) | C213: Harmony RXG | D213: RXG21P7 | E213: RXG RXG21P7 | F213: 2CO 8 Pin Relay Standard cover lockable test button w/o LED 230V AC | G213: 230V AC | H213: 2 CO - 5 A | I213: - | J213: 16mm socket width | K213: IP40 | L213: Fast-on pin terminal; Optional lockable test button; 16mm socket width | M213: INR | N213: 926 | P213: =IF(ISNUMBER(N213),N213*(1-O213),N213) | Q213: ok | R213: Normal Stock Item | S213: Socket on DIN rail | T213: IEC 61810-1 | U213: Page 27
A214: Plug-in Relays (Harmony) | B214: Interface Relays (RXG) | C214: Harmony RXG | D214: RXG22BD | E214: RXG RXG22BD | F214: 2CO 8 Pin Relay Standard cover lockable test button with LED 24V DC | G214: 24V DC | H214: 2 CO - 5 A | I214: - | J214: 16mm socket width | K214: IP40 | L214: Fast-on pin terminal; Optional lockable test button; 16mm socket width | M214: INR | N214: 865 | P214: =IF(ISNUMBER(N214),N214*(1-O214),N214) | Q214: ok | R214: Normal Stock Item | S214: Socket on DIN rail | T214: IEC 61810-1 | U214: Page 27
A215: Plug-in Relays (Harmony) | B215: Interface Relays (RXG) | C215: Harmony RXG | D215: RXG22F7 | E215: RXG RXG22F7 | F215: 2CO 8 Pin Relay Standard cover lockable test button with LED 120V AC | G215: 120V AC | H215: 2 CO - 5 A | I215: - | J215: 16mm socket width | K215: IP40 | L215: Fast-on pin terminal; Optional lockable test button; 16mm socket width | M215: INR | N215: 1040 | P215: =IF(ISNUMBER(N215),N215*(1-O215),N215) | Q215: ok | R215: Normal Stock Item | S215: Socket on DIN rail | T215: IEC 61810-1 | U215: Page 27
A216: Plug-in Relays (Harmony) | B216: Interface Relays (RXG) | C216: Harmony RXG | D216: RXG22P7 | E216: RXG RXG22P7 | F216: 2CO 8 Pin Relay Standard cover lockable test button with LED 230V AC | G216: 230V AC | H216: 2 CO - 5 A | I216: - | J216: 16mm socket width | K216: IP40 | L216: Fast-on pin terminal; Optional lockable test button; 16mm socket width | M216: INR | N216: 1040 | P216: =IF(ISNUMBER(N216),N216*(1-O216),N216) | Q216: ok | R216: Normal Stock Item | S216: Socket on DIN rail | T216: IEC 61810-1 | U216: Page 27
... A357: Pushbuttons & Signaling (Harmony) | B357: Control Stations & Enclosures | C357: Harmony XAL / XAP | D357: XAPK1201 | E357: Enclosure XAPK1201 | F357: Die-cast metal enclosure XAPK Yellow lid 1 cut-out 80x80x51.5mm | G357: - | H357: - | I357: - | J357: 80x80x51.5mm | K357: IP65 | L357: Ready for mounting Ø 22mm pilot devices; Weather and impact resistant | M357: INR | N357: 5163 | P357: =IF(ISNUMBER(N357),N357*(1-O357),N357) | Q357: ok | R357: Normal Stock Item | S357: Surface Wall Mount | T357: IEC 60947-5-1 | U357: Page 43
A358: Pushbuttons & Signaling (Harmony) | B358: Tower Lights & Signaling Beacons | C358: Harmony XVB7 | D358: XVB7C23 | E358: XVB7 XVB7C23 | F358: XVB7 Light module steady light green 24V AC/DC IP66 | G358: 24V AC/DC | H358: - | I358: - | J358: Ø 60mm / 70mm | K358: IP65 / IP66 | L358: High luminosity LED; IP65/IP66 protection; Pre-cabled and pre-assembled | M358: INR | N358: On Request | P358: =IF(ISNUMBER(N358),N358*(1-O358),N358) | Q358: on request | R358: Normal Stock Item | S358: Tube / L-bracket | T358: IEC 60947-5-1 | U358: Page 46
A359: Pushbuttons & Signaling (Harmony) | B359: Tower Lights & Signaling Beacons | C359: Harmony XVB7 | D359: XVB7C24 | E359: XVB7 XVB7C24 | F359: XVB7 Light module steady light red 24V AC/DC IP66 | G359: 24V AC/DC | H359: - | I359: - | J359: Ø 60mm / 70mm | K359: IP65 / IP66 | L359: High luminosity LED; IP65/IP66 protection; Pre-cabled and pre-assembled | M359: INR | N359: On Request | P359: =IF(ISNUMBER(N359),N359*(1-O359),N359) | Q359: on request | R359: Normal Stock Item | S359: Tube / L-bracket | T359: IEC 60947-5-1 | U359: Page 46
A360: Pushbuttons & Signaling (Harmony) | B360: Tower Lights & Signaling Beacons | C360: Harmony XVB7 | D360: XVB7C25 | E360: XVB7 XVB7C25 | F360: XVB7 Light module steady light orange 24V AC/DC IP66 | G360: 24V AC/DC | H360: - | I360: - | J360: Ø 60mm / 70mm | K360: IP65 / IP66 | L360: High luminosity LED; IP65/IP66 protection; Pre-cabled and pre-assembled | M360: INR | N360: On Request | P360: =IF(ISNUMBER(N360),N360*(1-O360),N360) | Q360: on request | R360: Normal Stock Item | S360: Tube / L-bracket | T360: IEC 60947-5-1 | U360: Page 46
A361: Pushbuttons & Signaling (Harmony) | B361: Tower Lights & Signaling Beacons | C361: Harmony XVB7 | D361: XVB7C21B | E361: XVB7 XVB7C21B | F361: XVB7 Standard base module with tube and cover 24V AC/DC Push-in | G361: 24V AC/DC | H361: - | I361: - | J361: Ø 60mm / 70mm | K361: IP65 / IP66 | L361: High luminosity LED; IP65/IP66 protection; Pre-cabled and pre-assembled | M361: INR | N361: On Request | P361: =IF(ISNUMBER(N361),N361*(1-O361),N361) | Q361: on request | R361: Normal Stock Item | S361: Tube / L-bracket | T361: IEC 60947-5-1 | U361: Page 46
A362: Pushbuttons & Signaling (Harmony) | B362: Tower Lights & Signaling Beacons | C362: Harmony XVB7 | D362: XVB7C9S | E362: XVB7 XVB7C9S | F362: XVB7 Audible Sounder module 360 deg omni sound up to 102 dB 24V AC/DC | G362: 24V AC/DC | H362: - | I362: - | J362: Ø 60mm / 70mm | K362: IP65 / IP66 | L362: High luminosity LED; IP65/IP66 protection; Pre-cabled and pre-assembled | M362: INR | N362: On Request | P362: =IF(ISNUMBER(N362),N362*(1-O362),N362) | Q362: on request | R362: Normal Stock Item | S362: Tube / L-bracket | T362: IEC 60947-5-1 | U362: Page 46
A363: Pushbuttons & Signaling (Harmony) | B363: Tower Lights & Signaling Beacons | C363: Harmony Signaling | D363: XVR3B04 | E363: Signaling XVR3B04 | F363: Multi-functional LED Beacon red without buzzer DC/AC 12-24V | G363: 12-24V AC/DC | H363: - | I363: - | J363: Ø 60mm / 70mm | K363: IP65 / IP66 | L363: High luminosity LED; IP65/IP66 protection; Pre-cabled and pre-assembled | M363: INR | N363: 18965 | P363: =IF(ISNUMBER(N363),N363*(1-O363),N363) | Q363: ok | R363: Normal Stock Item | S363: Tube / L-bracket | T363: IEC 60947-5-1 | U363: Page 50
A364: Pushbuttons & Signaling (Harmony) | B364: Tower Lights & Signaling Beacons | C364: Harmony Signaling | D364: XVR3B04S | E364: Signaling XVR3B04S | F364: Multi-functional LED Beacon red with buzzer DC/AC 12-24V | G364: 12-24V AC/DC | H364: - | I364: - | J364: Ø 60mm / 70mm | K364: IP65 / IP66 | L364: High luminosity LED; IP65/IP66 protection; Pre-cabled and pre-assembled | M364: INR | N364: 37314 | P364: =IF(ISNUMBER(N364),N364*(1-O364),N364) | Q364: ok | R364: Normal Stock Item | S364: Tube / L-bracket | T364: IEC 60947-5-1 | U364: Page 50
A365: Pushbuttons & Signaling (Harmony) | B365: Tower Lights & Signaling Beacons | C365: Harmony Signaling | D365: XVS10BMW | E365: Signaling XVS10BMW | F365: 2 tones siren 106 dB 12-24V AC/DC white | G365: 12-24V AC/DC | H365: - | I365: - | J365: Ø 60mm / 70mm | K365: IP65 / IP66 | L365: High luminosity LED; IP65/IP66 protection; Pre-cabled and pre-assembled | M365: INR | N365: 34378 | P365: =IF(ISNUMBER(N365),N365*(1-O365),N365) | Q365: ok | R365: Normal Stock Item | S365: Tube / L-bracket | T365: IEC 60947-5-1 | U365: Page 50
A366: Pushbuttons & Signaling (Harmony) | B366: Tower Lights & Signaling Beacons | C366: Harmony Signaling | D366: XVGB2 | E366: Signaling XVGB2 | F366: Tower light Ø 60mm 2-Stage Red, Green 24V DC Alu tube L-bracket | G366: 24V DC | H366: - | I366: - | J366: Ø 60mm / 70mm | K366: IP65 / IP66 | L366: High luminosity LED; IP65/IP66 protection; Pre-cabled and pre-assembled | M366: INR | N366: 4214 | P366: =IF(ISNUMBER(N366),N366*(1-O366),N366) | Q366: ok | R366: Normal Stock Item | S366: Tube / L-bracket | T366: IEC 60947-5-1 | U366: Page 50
A367: Pushbuttons & Signaling (Harmony) | B367: Tower Lights & Signaling Beacons | C367: Harmony Signaling | D367: XVGB3 | E367: Signaling XVGB3 | F367: Tower light Ø 60mm 3-Stage Red, Amber, Green 24V DC L-bracket | G367: 24V DC | H367: - | I367: - | J367: Ø 60mm / 70mm | K367: IP65 / IP66 | L367: High luminosity LED; IP65/IP66 protection; Pre-cabled and pre-assembled | M367: INR | N367: 4773 | P367: =IF(ISNUMBER(N367),N367*(1-O367),N367) | Q367: ok | R367: Normal Stock Item | S367: Tube / L-bracket | T367: IEC 60947-5-1 | U367: Page 50
A368: Pushbuttons & Signaling (Harmony) | B368: Tower Lights & Signaling Beacons | C368: Harmony Signaling | D368: XVGB3S | E368: Signaling XVGB3S | F368: Tower light Ø 60mm 3-Stage with Buzzer 24V DC L-bracket | G368: 24V DC | H368: - | I368: - | J368: Ø 60mm / 70mm | K368: IP65 / IP66 | L368: High luminosity LED; IP65/IP66 protection; Pre-cabled and pre-assembled | M368: INR | N368: 5426 | P368: =IF(ISNUMBER(N368),N368*(1-O368),N368) | Q368: ok | R368: Normal Stock Item | S368: Tube / L-bracket | T368: IEC 60947-5-1 | U368: Page 50
A369: Pushbuttons & Signaling (Harmony) | B369: Tower Lights & Signaling Beacons | C369: Harmony Signaling | D369: XVGU3SWV | E369: Signaling XVGU3SWV | F369: Pre-assembled Multicolor USB tower light 60mm IP42 Direct base | G369: 5V USB | H369: - | I369: - | J369: Ø 60mm / 70mm | K369: IP65 / IP66 | L369: High luminosity LED; IP65/IP66 protection; Pre-cabled and pre-assembled | M369: INR | N369: 10972 | P369: =IF(ISNUMBER(N369),N369*(1-O369),N369) | Q369: ok | R369: Normal Stock Item | S369: Tube / L-bracket | T369: IEC 60947-5-1 | U369: Page 50
A370: Pushbuttons & Signaling (Harmony) | B370: Tower Lights & Signaling Beacons | C370: Harmony Signaling | D370: XVGM2 | E370: Signaling XVGM2 | F370: Tower light Ø 60mm 2-Stage Red, Green 220-240V AC L-bracket | G370: 220-240V AC | H370: - | I370: - | J370: Ø 60mm / 70mm | K370: IP65 / IP66 | L370: High luminosity LED; IP65/IP66 protection; Pre-cabled and pre-assembled | M370: INR | N370: 4540 | P370: =IF(ISNUMBER(N370),N370*(1-O370),N370) | Q370: ok | R370: Normal Stock Item | S370: Tube / L-bracket | T370: IEC 60947-5-1 | U370: Page 50
A371: Pushbuttons & Signaling (Harmony) | B371: Tower Lights & Signaling Beacons | C371: Harmony Signaling | D371: XVGM3 | E371: Signaling XVGM3 | F371: Tower light Ø 60mm 3-Stage Red, Amber, Green 220-240V AC L-bracket | G371: 220-240V AC | H371: - | I371: - | J371: Ø 60mm / 70mm | K371: IP65 / IP66 | L371: High luminosity LED; IP65/IP66 protection; Pre-cabled and pre-assembled | M371: INR | N371: 5137 | P371: =IF(ISNUMBER(N371),N371*(1-O371),N371) | Q371: ok | R371: Normal Stock Item | S371: Tube / L-bracket | T371: IEC 60947-5-1 | U371: Page 50
A372: Pushbuttons & Signaling (Harmony) | B372: Tower Lights & Signaling Beacons | C372: Harmony Signaling | D372: XVGM3S | E372: Signaling XVGM3S | F372: Tower light Ø 60mm 3-Stage with Buzzer 220-240V AC L-bracket | G372: 220-240V AC | H372: - | I372: - | J372: Ø 60mm / 70mm | K372: IP65 / IP66 | L372: High luminosity LED; IP65/IP66 protection; Pre-cabled and pre-assembled | M372: INR | N372: 5846 | P372: =IF(ISNUMBER(N372),N372*(1-O372),N372) | Q372: ok | R372: Normal Stock Item | S372: Tube / L-bracket | T372: IEC 60947-5-1 | U372: Page 50
A373: Pushbuttons & Signaling (Harmony) | B373: Pendant Stations, Joysticks & Foot Switches | C373: Harmony XAC / XD2 | D373: XACA201 | E373: Harmony XACA201 | F373: Pendant control station 2 pushbuttons with mechanical interlock 1 NO | G373: Up to 600V | H373: 10A Ith | I373: - | J373: Pendant / 22mm hole | K373: IP65 | L373: High impact casing; Mechanically interlocked between pairs; CE / UL / CSA approved | M373: INR | N373: 7070 | P373: =IF(ISNUMBER(N373),N373*(1-O373),N373) | Q373: ok | R373: Normal Stock Item | S373: Pendant Cable / 22mm Cutout | T373: IEC 60947-5-1 | U373: Page 53
A374: Pushbuttons & Signaling (Harmony) | B374: Pendant Stations, Joysticks & Foot Switches | C374: Harmony XAC / XD2 | D374: XACA205 | E374: Harmony XACA205 | F374: Pendant control station 2 pushbuttons with mechanical interlock 1 NC + 1 NO | G374: Up to 600V | H374: 10A Ith | I374: - | J374: Pendant / 22mm hole | K374: IP65 | L374: High impact casing; Mechanically interlocked between pairs; CE / UL / CSA approved | M374: INR | N374: 7452 | P374: =IF(ISNUMBER(N374),N374*(1-O374),N374) | Q374: ok | R374: Normal Stock Item | S374: Pendant Cable / 22mm Cutout | T374: IEC 60947-5-1 | U374: Page 53
... A382: Pushbuttons & Signaling (Harmony) | B382: Pendant Stations, Joysticks & Foot Switches | C382: Harmony XAC / XD2 | D382: XPEA110 | E382: Harmony XPEA110 | F382: Foot Switch Insulated Enclosure 1 NC + 1 NO | G382: Up to 600V | H382: 10A Ith | I382: - | J382: Pendant / 22mm hole | K382: IP65 | L382: High impact casing; Mechanically interlocked between pairs; CE / UL / CSA approved | M382: INR | N382: 7584 | P382: =IF(ISNUMBER(N382),N382*(1-O382),N382) | Q382: ok | R382: Normal Stock Item | S382: Pendant Cable / 22mm Cutout | T382: IEC 60947-5-1 | U382: Page 53
A383: HMI Panels & Industrial PCs | B383: Operator Dialogue & Industrial Computing | C383: Harmony HMI / EcoStruxure | D383: HMIST6200 | E383: Harmony HMI HMIST6200 | F383: 4" W basic operator terminal ST6 | G383: 24V DC / Mains | H383: - | I383: - | J383: 4.0" Widescreen | K383: IP65 / IP66 front | L383: Dual IP Ethernet; Cybersecurity secure boot; Multi-protocol communication; Industrial grade | M383: INR | N383: On Request | P383: =IF(ISNUMBER(N383),N383*(1-O383),N383) | Q383: on request | R383: Normal Stock Item | S383: Flush Panel Cutout | T383: IEC 61131-2, UL 508 | U383: Page 61
A384: HMI Panels & Industrial PCs | B384: Operator Dialogue & Industrial Computing | C384: Harmony HMI / EcoStruxure | D384: HMIST6400 | E384: Harmony HMI HMIST6400 | F384: 7" W basic operator terminal ST6 | G384: 24V DC / Mains | H384: - | I384: - | J384: 7.0" Widescreen | K384: IP65 / IP66 front | L384: Dual IP Ethernet; Cybersecurity secure boot; Multi-protocol communication; Industrial grade | M384: INR | N384: On Request | P384: =IF(ISNUMBER(N384),N384*(1-O384),N384) | Q384: on request | R384: Normal Stock Item | S384: Flush Panel Cutout | T384: IEC 61131-2, UL 508 | U384: Page 61
A385: HMI Panels & Industrial PCs | B385: Operator Dialogue & Industrial Computing | C385: Harmony HMI / EcoStruxure | D385: HMIST6500 | E385: Harmony HMI HMIST6500 | F385: 10" W basic operator terminal ST6 | G385: 24V DC / Mains | H385: - | I385: - | J385: 10.0" Widescreen | K385: IP65 / IP66 front | L385: Dual IP Ethernet; Cybersecurity secure boot; Multi-protocol communication; Industrial grade | M385: INR | N385: On Request | P385: =IF(ISNUMBER(N385),N385*(1-O385),N385) | Q385: on request | R385: Normal Stock Item | S385: Flush Panel Cutout | T385: IEC 61131-2, UL 508 | U385: Page 61
A386: HMI Panels & Industrial PCs | B386: Operator Dialogue & Industrial Computing | C386: Harmony HMI / EcoStruxure | D386: HMIST6600 | E386: Harmony HMI HMIST6600 | F386: 12" W basic operator terminal ST6 | G386: 24V DC / Mains | H386: - | I386: - | J386: 12.0" Widescreen | K386: IP65 / IP66 front | L386: Dual IP Ethernet; Cybersecurity secure boot; Multi-protocol communication; Industrial grade | M386: INR | N386: On Request | P386: =IF(ISNUMBER(N386),N386*(1-O386),N386) | Q386: on request | R386: Normal Stock Item | S386: Flush Panel Cutout | T386: IEC 61131-2, UL 508 | U386: Page 61
A387: HMI Panels & Industrial PCs | B387: Operator Dialogue & Industrial Computing | C387: Harmony HMI / EcoStruxure | D387: HMIST6700 | E387: Harmony HMI HMIST6700 | F387: 15" W basic operator terminal ST6 | G387: 24V DC / Mains | H387: - | I387: - | J387: 15.0" Widescreen | K387: IP65 / IP66 front | L387: Dual IP Ethernet; Cybersecurity secure boot; Multi-protocol communication; Industrial grade | M387: INR | N387: On Request | P387: =IF(ISNUMBER(N387),N387*(1-O387),N387) | Q387: on request | R387: Normal Stock Item | S387: Flush Panel Cutout | T387: IEC 61131-2, UL 508 | U387: Page 61
A388: HMI Software & Remote Access | B388: Operator Dialogue & Industrial Computing | C388: Harmony HMI / EcoStruxure | D388: HMISTM6BOXIOT | E388: Harmony HMI HMISTM6BOXIOT | F388: Basic HMI Edge Box, STM6 with EcoStruxure Machine SCADA Expert | G388: 24V DC / Mains | H388: - | I388: - | J388: Edge Box | K388: IP65 / IP66 front | L388: Dual IP Ethernet; Cybersecurity secure boot; Multi-protocol communication; Industrial grade | M388: INR | N388: On Request | P388: =IF(ISNUMBER(N388),N388*(1-O388),N388) | Q388: on request | R388: Normal Stock Item | S388: Flush Panel Cutout | T388: IEC 61131-2, UL 508 | U388: Page 61
A389: HMI Panels & Industrial PCs | B389: Operator Dialogue & Industrial Computing | C389: Harmony HMI / EcoStruxure | D389: HMISTO705 | E389: Harmony HMI HMISTO705 | F389: 4.3" touch panel screen RS232C STO7 | G389: 24V DC / Mains | H389: - | I389: - | J389: 4.3" Touch | K389: IP65 / IP66 front | L389: Dual IP Ethernet; Cybersecurity secure boot; Multi-protocol communication; Industrial grade | M389: INR | N389: On Request | P389: =IF(ISNUMBER(N389),N389*(1-O389),N389) | Q389: on request | R389: Normal Stock Item | S389: Flush Panel Cutout | T389: IEC 61131-2, UL 508 | U389: Page 61
A390: HMI Panels & Industrial PCs | B390: Operator Dialogue & Industrial Computing | C390: Harmony HMI / EcoStruxure | D390: HMISTO735 | E390: Harmony HMI HMISTO735 | F390: 4.3" touch panel screen Ethernet STO7 | G390: 24V DC / Mains | H390: - | I390: - | J390: 4.3" Touch | K390: IP65 / IP66 front | L390: Dual IP Ethernet; Cybersecurity secure boot; Multi-protocol communication; Industrial grade | M390: INR | N390: On Request | P390: =IF(ISNUMBER(N390),N390*(1-O390),N390) | Q390: on request | R390: Normal Stock Item | S390: Flush Panel Cutout | T390: IEC 61131-2, UL 508 | U390: Page 61
A391: HMI Panels & Industrial PCs | B391: Operator Dialogue & Industrial Computing | C391: Harmony HMI / EcoStruxure | D391: HMISTU655 | E391: Harmony HMI HMISTU655 | F391: Touch Panel Screen 3"5 Color STU (Tool-free 22mm hole mount) | G391: 24V DC / Mains | H391: - | I391: - | J391: 3.5" Color | K391: IP65 / IP66 front | L391: Dual IP Ethernet; Cybersecurity secure boot; Multi-protocol communication; Industrial grade | M391: INR | N391: On Request | P391: =IF(ISNUMBER(N391),N391*(1-O391),N391) | Q391: on request | R391: Normal Stock Item | S391: Flush Panel Cutout | T391: IEC 61131-2, UL 508 | U391: Page 61
A392: HMI Panels & Industrial PCs | B392: Operator Dialogue & Industrial Computing | C392: Harmony HMI / EcoStruxure | D392: HMISTU855 | E392: Harmony HMI HMISTU855 | F392: Touch Panel Screen 5"7 Color STU (Tool-free 22mm hole mount) | G392: 24V DC / Mains | H392: - | I392: - | J392: 5.7" Color | K392: IP65 / IP66 front | L392: Dual IP Ethernet; Cybersecurity secure boot; Multi-protocol communication; Industrial grade | M392: INR | N392: On Request | P392: =IF(ISNUMBER(N392),N392*(1-O392),N392) | Q392: on request | R392: Normal Stock Item | S392: Flush Panel Cutout | T392: IEC 61131-2, UL 508 | U392: Page 61
A393: HMI Panels & Industrial PCs | B393: Operator Dialogue & Industrial Computing | C393: Harmony HMI / EcoStruxure | D393: HMIGTO1300 | E393: Harmony HMI HMIGTO1300 | F393: 3.5 Color Touch Panel QVGA-TFT GTO | G393: 24V DC / Mains | H393: - | I393: - | J393: 3.5" QVGA | K393: IP65 / IP66 front | L393: Dual IP Ethernet; Cybersecurity secure boot; Multi-protocol communication; Industrial grade | M393: INR | N393: On Request | P393: =IF(ISNUMBER(N393),N393*(1-O393),N393) | Q393: on request | R393: Normal Stock Item | S393: Flush Panel Cutout | T393: IEC 61131-2, UL 508 | U393: Page 62
A394: HMI Panels & Industrial PCs | B394: Operator Dialogue & Industrial Computing | C394: Harmony HMI / EcoStruxure | D394: HMIGTO2300 | E394: Harmony HMI HMIGTO2300 | F394: 5.7 Color Touch Panel QVGA-TFT GTO | G394: 24V DC / Mains | H394: - | I394: - | J394: 5.7" QVGA | K394: IP65 / IP66 front | L394: Dual IP Ethernet; Cybersecurity secure boot; Multi-protocol communication; Industrial grade | M394: INR | N394: On Request | P394: =IF(ISNUMBER(N394),N394*(1-O394),N394) | Q394: on request | R394: Normal Stock Item | S394: Flush Panel Cutout | T394: IEC 61131-2, UL 508 | U394: Page 62
... A412: HMI Software & Remote Access | B412: Operator Dialogue & Industrial Computing | C412: Harmony HMI / EcoStruxure | D412: VJOCNTLML | E412: Harmony HMI VJOCNTLML | F412: Vijeo Connect Link Manager Remote Access License | G412: 24V DC / Mains | H412: - | I412: - | J412: Remote Access | K412: IP65 / IP66 front | L412: Dual IP Ethernet; Cybersecurity secure boot; Multi-protocol communication; Industrial grade | M412: INR | N412: On Request | P412: =IF(ISNUMBER(N412),N412*(1-O412),N412) | Q412: on request | R412: Normal Stock Item | S412: Flush Panel Cutout | T412: IEC 61131-2, UL 508 | U412: Page 72
A413: Control Relays (TeSys) | B413: TeSys K Series (0-16A) | C413: TeSys K | D413: CA2KN22B7 | E413: TeSys K CA2KN22B7 | F413: TeSys K Control Relay 2NO+2NC 24V AC | G413: 24V AC | H413: 2NO + 2NC | I413: - | J413: 45 x 58 x 57 mm | K413: IP20 | L413: Compact mini-contactor; Conforms to IEC, UL, CSA; 1NO or 1NC auxiliary built-in | M413: INR | N413: 2640 | P413: =IF(ISNUMBER(N413),N413*(1-O413),N413) | Q413: ok | R413: Normal Stock Item | S413: DIN Rail 35mm | T413: IEC 60947-4-1 | U413: Page 77
A414: Control Relays (TeSys) | B414: TeSys K Series (0-16A) | C414: TeSys K | D414: CA2KN22M7 | E414: TeSys K CA2KN22M7 | F414: TeSys K Control Relay 2NO+2NC 220V AC | G414: 220V AC | H414: 2NO + 2NC | I414: - | J414: 45 x 58 x 57 mm | K414: IP20 | L414: Compact mini-contactor; Conforms to IEC, UL, CSA; 1NO or 1NC auxiliary built-in | M414: INR | N414: 2640 | P414: =IF(ISNUMBER(N414),N414*(1-O414),N414) | Q414: ok | R414: Normal Stock Item | S414: DIN Rail 35mm | T414: IEC 60947-4-1 | U414: Page 77
A415: Control Relays (TeSys) | B415: TeSys K Series (0-16A) | C415: TeSys K | D415: CA2KN31M7 | E415: TeSys K CA2KN31M7 | F415: TeSys K Control Relay 3NO+1NC 220V AC | G415: 220V AC | H415: 3NO + 1NC | I415: - | J415: 45 x 58 x 57 mm | K415: IP20 | L415: Compact mini-contactor; Conforms to IEC, UL, CSA; 1NO or 1NC auxiliary built-in | M415: INR | N415: 2640 | P415: =IF(ISNUMBER(N415),N415*(1-O415),N415) | Q415: ok | R415: Normal Stock Item | S415: DIN Rail 35mm | T415: IEC 60947-4-1 | U415: Page 77
A416: Control Relays (TeSys) | B416: TeSys K Series (0-16A) | C416: TeSys K | D416: CA2KN40M7 | E416: TeSys K CA2KN40M7 | F416: TeSys K Control Relay 4NO 220V AC | G416: 220V AC | H416: 4NO | I416: - | J416: 45 x 58 x 57 mm | K416: IP20 | L416: Compact mini-contactor; Conforms to IEC, UL, CSA; 1NO or 1NC auxiliary built-in | M416: INR | N416: 2640 | P416: =IF(ISNUMBER(N416),N416*(1-O416),N416) | Q416: ok | R416: Normal Stock Item | S416: DIN Rail 35mm | T416: IEC 60947-4-1 | U416: Page 77
A417: Control Relays (TeSys) | B417: TeSys K Series (0-16A) | C417: TeSys K | D417: CA3KN22BD | E417: TeSys K CA3KN22BD | F417: TeSys K DC Control Relay 2NO+2NC 24V DC | G417: 24V DC | H417: 2NO + 2NC | I417: - | J417: 45 x 58 x 57 mm | K417: IP20 | L417: Compact mini-contactor; Conforms to IEC, UL, CSA; 1NO or 1NC auxiliary built-in | M417: INR | N417: 3670 | P417: =IF(ISNUMBER(N417),N417*(1-O417),N417) | Q417: ok | R417: Normal Stock Item | S417: DIN Rail 35mm | T417: IEC 60947-4-1 | U417: Page 77
A418: Control Relays (TeSys) | B418: TeSys K Series (0-16A) | C418: TeSys K | D418: CA3KN31BD | E418: TeSys K CA3KN31BD | F418: TeSys K DC Control Relay 3NO+1NC 24V DC | G418: 24V DC | H418: 3NO + 1NC | I418: - | J418: 45 x 58 x 57 mm | K418: IP20 | L418: Compact mini-contactor; Conforms to IEC, UL, CSA; 1NO or 1NC auxiliary built-in | M418: INR | N418: 3670 | P418: =IF(ISNUMBER(N418),N418*(1-O418),N418) | Q418: ok | R418: Normal Stock Item | S418: DIN Rail 35mm | T418: IEC 60947-4-1 | U418: Page 77
A419: Power Contactors (TeSys K/Deca/Giga) | B419: TeSys K Series (0-16A) | C419: TeSys K | D419: CA4KN22BW3 | E419: TeSys K CA4KN22BW3 | F419: TeSys K Low Consumption DC Relay 2NO+2NC 24V DC | G419: 24V DC Low Cons. | H419: 2NO + 2NC | I419: - | J419: 45 x 58 x 57 mm | K419: IP20 | L419: Compact mini-contactor; Conforms to IEC, UL, CSA; 1NO or 1NC auxiliary built-in | M419: INR | N419: 4495 | P419: =IF(ISNUMBER(N419),N419*(1-O419),N419) | Q419: ok | R419: Normal Stock Item | S419: DIN Rail 35mm | T419: IEC 60947-4-1 | U419: Page 77
A420: Power Contactors (TeSys K/Deca/Giga) | B420: TeSys K Series (0-16A) | C420: TeSys K | D420: LC1K0601M7 | E420: TeSys K LC1K0601M7 | F420: TeSys K Contactor 6A AC-3 2.2kW 1NC Aux 220V AC | G420: 2.2kW | H420: 6A AC-3 | I420: - | J420: 45 x 58 x 57 mm | K420: IP20 | L420: Compact mini-contactor; Conforms to IEC, UL, CSA; 1NO or 1NC auxiliary built-in | M420: INR | N420: 2315 | P420: =IF(ISNUMBER(N420),N420*(1-O420),N420) | Q420: ok | R420: Normal Stock Item | S420: DIN Rail 35mm | T420: IEC 60947-4-1 | U420: Page 77
A421: Power Contactors (TeSys K/Deca/Giga) | B421: TeSys K Series (0-16A) | C421: TeSys K | D421: LC1K0610M7 | E421: TeSys K LC1K0610M7 | F421: TeSys K Contactor 6A AC-3 2.2kW 1NO Aux 220V AC | G421: 2.2kW | H421: 6A AC-3 | I421: - | J421: 45 x 58 x 57 mm | K421: IP20 | L421: Compact mini-contactor; Conforms to IEC, UL, CSA; 1NO or 1NC auxiliary built-in | M421: INR | N421: 2315 | P421: =IF(ISNUMBER(N421),N421*(1-O421),N421) | Q421: ok | R421: Normal Stock Item | S421: DIN Rail 35mm | T421: IEC 60947-4-1 | U421: Page 77
A422: Power Contactors (TeSys K/Deca/Giga) | B422: TeSys K Series (0-16A) | C422: TeSys K | D422: LC1K0901M7 | E422: TeSys K LC1K0901M7 | F422: TeSys K Contactor 9A AC-3 4kW 1NC Aux 220V AC | G422: 4.0kW | H422: 9A AC-3 | I422: - | J422: 45 x 58 x 57 mm | K422: IP20 | L422: Compact mini-contactor; Conforms to IEC, UL, CSA; 1NO or 1NC auxiliary built-in | M422: INR | N422: 2420 | P422: =IF(ISNUMBER(N422),N422*(1-O422),N422) | Q422: ok | R422: Normal Stock Item | S422: DIN Rail 35mm | T422: IEC 60947-4-1 | U422: Page 77
A423: Power Contactors (TeSys K/Deca/Giga) | B423: TeSys K Series (0-16A) | C423: TeSys K | D423: LC1K0910M7 | E423: TeSys K LC1K0910M7 | F423: TeSys K Contactor 9A AC-3 4kW 1NO Aux 220V AC | G423: 4.0kW | H423: 9A AC-3 | I423: - | J423: 45 x 58 x 57 mm | K423: IP20 | L423: Compact mini-contactor; Conforms to IEC, UL, CSA; 1NO or 1NC auxiliary built-in | M423: INR | N423: 2420 | P423: =IF(ISNUMBER(N423),N423*(1-O423),N423) | Q423: ok | R423: Normal Stock Item | S423: DIN Rail 35mm | T423: IEC 60947-4-1 | U423: Page 77
A424: Power Contactors (TeSys K/Deca/Giga) | B424: TeSys K Series (0-16A) | C424: TeSys K | D424: LC1K1201M7 | E424: TeSys K LC1K1201M7 | F424: TeSys K Contactor 12A AC-3 5.5kW 1NC Aux 220V AC | G424: 5.5kW | H424: 12A AC-3 | I424: - | J424: 45 x 58 x 57 mm | K424: IP20 | L424: Compact mini-contactor; Conforms to IEC, UL, CSA; 1NO or 1NC auxiliary built-in | M424: INR | N424: 2740 | P424: =IF(ISNUMBER(N424),N424*(1-O424),N424) | Q424: ok | R424: Normal Stock Item | S424: DIN Rail 35mm | T424: IEC 60947-4-1 | U424: Page 77
... A702: Control & Command (Acti 9) | B702: Modular DIN Rail Protection & Control | C702: Acti 9 Range | D702: A9E18321 | E702: Acti9 A9E18321 | F702: iIL Indicator Light single Green LED 230V AC | G702: 230/415V AC | H702: 230V AC | I702: - | J702: 18mm per module | K702: IP20 / IP40 | L702: Earth leakage / surge / load control; High electrical continuity; Modular 18mm DIN rail pitch | M702: INR | N702: 2291 | P702: =IF(ISNUMBER(N702),N702*(1-O702),N702) | Q702: ok | R702: Normal Stock Item | S702: DIN Rail 35mm | T702: IEC/EN 61008-1, IEC 61643-11 | U702: Page 138

Sheet Notes
A1: How to use
A2: Discount | B2: Column N (Schneider Automation Price List) is formatted as percentage. Type discount (e.g. 35%). Net Price (Column P) calculates automatically via =IF(ISNUMBER(Price), Price*(1-Discount), Price).
A3: Price | B3: List price (M.R.P.) in Indian Rupees (INR) as printed in the Schneider Electric Industrial Automation Products price list effective April 01st, 2026. 'On Request' denotes engineered/OEM configurations.
A4: Ratings 1-5 | B4: Price-driving ratings structured as 'Header: value' (e.g. Voltage: 24V DC, Current: 25A, Poles: 3P, Power: 11kW, Sensitivity: 30mA).
A5: Key word | B5: Type reference / model designation distinguishing each SKU (e.g. ABL2REM, ATV310, ATS480, RXM, LC1D, LRD, GV2ME, xC60).
A6: Accessories | B6: Indicates whether the reference is a complete unit, auxiliary contact block, mounting kit, coil suppressor, communication module, or spare part.
A7: Stocked / Availability | B7: Green tick symbol in the price list denotes 'Normal Stock Item'. Others are available on lead time.
A8: Coil Codes | B8: For contactors with asterisks (e.g., LC1D09*), standard AC coils are B7 (24V), F7 (110V), M7 (220V), N7 (415V); DC coils are BD (24V), FD (110V), MD (220V).
A9: Source | B9: Schneider Electric Industrial Automation Products Price List (Ref: se.com/in, W.E.F. April 01st, 2026).
A11: Standard Compliance | B11: IEC 60947-4-1 (Contactors/Starters), IEC 60947-2 (Circuit Breakers), IEC 60898-1 (MCBs), IEC 61008/61009 (RCDs), IEC 61643-11 (Surge Protection), IEC 60255 (Relays).

Sheet Summary
A1: Category | B1: No. of items
A2: Power Supplies (Phaseo) | B2: =COUNTIF('Schneider Automation Price List'!$C$5:$C$702,A2)
A3: Smart Relays (Harmony Zelio) | B3: =COUNTIF('Schneider Automation Price List'!$C$5:$C$702,A3)
A4: Variable Speed Drives (Altivar) | B4: =COUNTIF('Schneider Automation Price List'!$C$5:$C$702,A4)
A5: Soft Starters (Altistart/Altivar) | B5: =COUNTIF('Schneider Automation Price List'!$C$5:$C$702,A5)
A6: Plug-in Relays (Harmony) | B6: =COUNTIF('Schneider Automation Price List'!$C$5:$C$702,A6)
A7: Timing & Control Relays (Harmony) | B7: =COUNTIF('Schneider Automation Price List'!$C$5:$C$702,A7)
A8: Pushbuttons & Signaling (Harmony) | B8: =COUNTIF('Schneider Automation Price List'!$C$5:$C$702,A8)
A9: HMI Panels & Industrial PCs | B9: =COUNTIF('Schneider Automation Price List'!$C$5:$C$702,A9)
A10: HMI Software & Remote Access | B10: =COUNTIF('Schneider Automation Price List'!$C$5:$C$702,A10)
A11: Power Contactors (TeSys K/Deca/Giga) | B11: =COUNTIF('Schneider Automation Price List'!$C$5:$C$702,A11)
A12: Control Relays (TeSys) | B12: =COUNTIF('Schneider Automation Price List'!$C$5:$C$702,A12)
A13: Thermal Overload Relays (TeSys Protect) | B13: =COUNTIF('Schneider Automation Price List'!$C$5:$C$702,A13)
... A22: Control & Command (Acti 9) | B22: =COUNTIF('Schneider Automation Price List'!$C$5:$C$702,A22)
A23: Total Items | B23: =SUM(B2:B22)
